야 이 미 친 섀키들아 대체 뭔 지랄이야,1
야 이 미a친 새키들아 대체 뭔 지1랄이야,1
야 이 자식들아 이게 대체 무슨 지랄를 하는거냐,1
근데 씨발 이게 무슨 일이길래 욕이 이렇게 많아요?,1
근데 시1바 이게 당최 무슨 일이길래 욕이 존나 많냐?,1
아 ㅅㅂ ㅈㄴ 뭐같네,1
갤럭시발 폭탄 만들더니 디자인을 폭파시켰나,1
ㅗ 이것은 산을 표현한 수화입니다,1
좆같은 개수작 ㄴㄴ하네요 ㅎㄷㄷ,1
아니 썅 왜 통화권이탈인 곳에서 저러냐고 병신들이냐,1
ㅅㅂ 전염병이 돌고있다는데 조치가 존나 늦는거 아냐?,1
ㅅ1ㅂ 전염병이 돌고있다는데 조치가 존나 늦는거 아냐?,1
여러분들 욕은 나빠요 그니까 욕은 쓰지맙시다 이 ㅅㅂ놈들아,1
여러분들 욕은 나빠요 그니까 욕은 쓰지맙시다 이 ㅅ1바놈들아,1
여러분들 욕은 나빠요 그니까 욕은 쓰지맙시다 이 병2신놈들아,1
여러분들 욕은 나빠요 그니까 욕은 쓰지맙시다 이 병a신놈들아,1
여러분들 욕은 나빠요 그니까 욕은 쓰지맙시다 이 ㅄ놈들아,1
위에놈들 또라이아냐,0
위에놈들 병신들아냐,1
위에놈들 미친놈들아냐,1
위에놈들은 개새끼들이냐,1
ㅅㅂ 썅썅바 ㅋㅋㅋㅋ,1
아니 근데 ㅅㅂ 생선이 숨쉬는 곳이 아가리 였나요? 아가미 였나요?,1
시발 빡대가리들,1
역시 병신들은,1
위에꺼 ㅋㅋㅋㅋㅋ ㅅㅂ ㅋㅋㅋㅋㅋㅋ,1
여러분 병신같은 소리 ㄴㄴ합니다,1
그것도 욕이자나 병신아ㅋㅋㅋ,1
아니 근데 넌 왜 욕하냐 ㅅㅂ,1
이번 사태에 대해서 어쩌구저쩌구 헛소리들만 해대는게 책임전가로 밖에 안들린다 병1신들아,1
이번 사태에 대해서 어쩌구저쩌구 병신같은 소리만 해대는게 책임전가로 밖에 안들린다 빡대가리들아,1
이번 사태에 대해서 어쩌구저쩌구 ㅅ1ㅂ 책임전가로 밖에 안들린다 바보들아,1
뭔 일인지는 모르지만 ㅅㅂ 차주 잘못으로 나오겠지,1
존나 차 끌고다니기 두려워 ㅅㅂ 무단횡단하는 놈을 치면 우리가 책임을 지니,1
무단횡단하는 개새끼들은 사회악이야 어떻게 된 것들이 당당하게 걷는다니까,1
너같은 새끼들은 그나마 낫지 또라이같이 그냥 걷는 ㅅㅂ새끼들이 문제인거야,1
그런 새끼들이 유리하니까 그런 개새끼들이 많이 나오는거지,1
근데 ㅅㅂ 우리 무슨 얘기하다 이 얘기한거냐?,1
캬 ㅅㅂ 존나 애국심이 차오른다,1
ㅅㅂ 존나 미1친거 아니냐 어떻게 거기서 그렇게 되냐,1
안녕씨발?,1
시발 헬조선 닥대가리는 뭐하냐,1
차라리 씨벌 앉아서 똥싸는중이라고 해라,1
차라리 씨1벌 앉아서 똥싸는중이라고 해라,1
차라리 씨@벌 앉아서 똥싸는중이라고 해라,1
차라리 앉아서 똥싸는중이라고 해라 시발년아,1
고용주에 존나 관대한 시발민국,1
아놔 히발년일세,1
아놔 시발년일세,1
미친것들 공부좃도 못하는것들이 꼭 저런곳에서 책피고연애질 하지 술집 잡부일 한것들이 ㅋㅋㅋ,1
미친것들 공부좃같이 못하는것들이 꼭 저런곳에서 책피고연애질 하지 술집 잡부일 한것들이 ㅋㅋㅋ,1
커피숍에서 공부 진짜 병신짓 아니냐 집에서 이어폰으로 인강들으면 세상 이렇게 조용하고 좋을수 없다,1
커피숍에서 공부 진짜 병@신짓 아니냐 집에서 이어폰으로 인강들으면 세상 이렇게 조용하고 좋을수 없다,1
이런 마인드를 가진 병신 여성공무원이 무슨일을 할까 수다,1
ㅅ1발 사실 남자들은 성욕 배출구가 필요할 뿐,1
저런 자기만 편하면된다는 김치뇬들이 사는 나라를 지키려 대한민국의 남자는 예전이나 지금도 머리깍고 청춘에 군대로 가고있다,1
남자로 자기팔자펴볼려는 나쁜년,1
남자로 자기팔자펴볼려는 미친년,1
당연한 처벌이다 병@신들아 그 전에 하지 말아야지,1
당연한 처벌이다 ㅈ밥들아 그 전에 하지 말아야지,1
난 댓글에서 또라이 트럼프 지지하는 씹새들 대가리에는 뭐가 들었는지 확인하고싶다,1
난 댓글에서 또라이 트럼프 지지하는 십새끼들 대가리에는 뭐가 들었는지 확인하고싶다,1
난 댓글에서 또라이 트럼프 지지하는 십새들 뇌에는 뭐가 들었는지 확인하고싶다,1
시발 취재해서 기사좀 쓰세요 참새도 아니고 주워먹지만 말고,1
난 김치년 때문에 아직도 30도 다 열이 펄펄,1
좇찌로 바꿔야한다고,1
ㅆㅂ 군대갔다오지 데이트하면 더치페이도 안하지 이런건 차별이라고하지도않아요ㅋㅋ,1
ㅆ ㅂ 군대갔다오지 데이트하면 더치페이도 안하지 이런건 차별이라고하지도않아요ㅋㅋ,1
물대포로 응수하면 민주화 영웅되고 법이 개좇같아서 중국어선에 총도 못쏘고 그냥무력 시위에는 총기사용 가능하면 이런일 안생기고 깨끗하게 끝날텐데,1
물대포로 응수하면 민주화 영웅되고 법이 개븅신 같아서 중국어선에 총도 못쏘고 그냥무력 시위에는 총기사용 가능하면 이런일 안생기고 깨끗하게 끝날텐데,1
물대포로 응수하면 민주화 영웅되고 법이 개병신 같아서 중국어선에 총도 못쏘고 그냥무력 시위에는 총기사용 가능하면 이런일 안생기고 깨끗하게 끝날텐데,1
물대포로 응수하면 민주화 영웅되고 법이 ㅈ같아서 중국어선에 총도 못쏘고 그냥무력 시위에는 총기사용 가능하면 이런일 안생기고 깨끗하게 끝날텐데,1
창년들 매춘부들도 결혼할라면 지 짝 만나서 같이 살고 아 낳으면 된다,1
창1년들 매춘부들도 결혼할라면 지 짝 만나서 같이 살고 아 낳으면 된다,1
미친년들 매춘부들도 결혼할라면 지 짝 만나서 같이 살고 아 낳으면 된다,1
단통법 만들지말고 지들 억울할때만 국민 찾는 씨~발놈들,1
뷩신들아 국방비를 북한의 30배를 쓰면서 미국의 전략자산에 우리의 방위를 목매야하냐,1
벼엉신들아 국방비를 북한의 30배를 쓰면서 미국의 전략자산에 우리의 방위를 목매야하냐,1
병4신들아 국방비를 북한의 30배를 쓰면서 미국의 전략자산에 우리의 방위를 목매야하냐,1
병4555신들아 국방비를 북한의 30배를 쓰면서 미국의 전략자산에 우리의 방위를 목매야하냐,1
븅싄들아 국방비를 북한의 30배를 쓰면서 미국의 전략자산에 우리의 방위를 목매야하냐,1
병 신들아 국방비를 북한의 30배를 쓰면서 미국의 전략자산에 우리의 방위를 목매야하냐,1
병ㅡ신들아 국방비를 북한의 30배를 쓰면서 미국의 전략자산에 우리의 방위를 목매야하냐,1
나라돌아가눈거 보면 그냥 한국 폐업하고싶다 그냥 미국 자치주로 들어가자 그게 좆같겠다,1
지들 입으로 실패라고 해서 g5중고가 좆망,1
진짜 호구안될라면 소비자가 똑똑해져야한다 아무렇게나 니좆대로살면 한순간에 호구되는거야 바보처럼사는게 좋은건아니야,1
게임 좃같이 하네 진짜 제대로 안하냐,1
환불하면 되는데 진따같은 좆거지들 갑질도 웬간히 해라,1
저 미친썍키가 성공하면 우리는 좆되는거,1
졷 된자이언츠는 부산을 떠나라,1
그돈으로 인민들 배나채워줘 좆돼지야,1
남자 둘때문에 시청률 좆망각 백퍼 둘은 모델일이나 해라 좀 양심있냐,1
현대 다음은 삼성입니다 imf 오면 나라 좆망,1
스터디 좆이나 빠세요ㅋ 1등은 집에서 해도 1등 꼭 모지리들이 저 지롤병떨지,1
좉같은것들이 더 지랄이야,1
졷같은 세상에 살기 힘드네,1
최순실 좇년아 그만 설쳐,1
대한민국은 좃이지요 닭의 애널서커들이 다 해쳐먹어요 이대를 좃대를 만들어 놓으니 기분 좋음,1
이대총장 모가지가 날라갓다 엄정수사 좃이다,1
무능한 정부임을 입증하는 꼴이다 이나라는 개 좃이다,1
저년 좆됬네 재산 몰수에 10년은 콩밥,1
키작은데 저런식으로 코디하면 졷찐따같아보임,1
이쁜걸떠나서 얘행실이나보고 님들도 열폭한다느니 그러길 역사지식 졷또없고,1
이새끼는 졷부터 짤라라,1
졷도 SNS 하면서 뭔 사생활 SNS 하는순간 사생활은 불가능한걸 니들이 알어,1
역시 졷탄소년단은 아웃오브안중이네ㅋㅋ,1
미친것들 공부좃도 못하는것들이 꼭 저런곳에서 책피고연애질 하지 술집 잡부일 한것들이 ㅋㅋㅋ,1
미친년들 공부도 못하는것들이 꼭 저런곳에서 책피고연애질 하지 술집 잡부일 한것들이 ㅋㅋㅋ,1
얼마나 나라가 병신같으면 부정청탁 하나 막았다고 죄다 부들부들이냐 니들이 시발 거지야,1
얼마나 나라가 병신같으면 부정청탁 하나 막았다고 죄다 부들부들이냐 니들이 시11발 거지야,1
얼마나 나라가 병신같으면 부정청탁 하나 막았다고 죄다 부들부들이냐 니들이 시@발 거지야,1
얼마나 나라가 병신같으면 부정청탁 하나 막았다고 죄다 부들부들이냐 니들이 씨11발 거지야,1
얼마나 나라가 병신같으면 부정청탁 하나 막았다고 죄다 부들부들이냐 니들이 시빨 거지야,1
얼마나 나라가 병신같으면 부정청탁 하나 막았다고 죄다 부들부들이냐 니들이 시팔 거지야,1
얼마나 나라가 병신같으면 부정청탁 하나 막았다고 죄다 부들부들이냐 니들이 씨팍 거지야,1
그냥 혼자 살아라 결혼하고 나서도 용돈 한달30만원받고 병1신같이 살지말고,1
그냥 혼자 살아라 결혼하고 나서도 용돈 한달30만원받고 빙신같이 살지말고,1
그냥 혼자 살아라 결혼하고 나서도 용돈 한달30만원받고 븅신같이 살지말고,1
그냥 혼자 살아라 결혼하고 나서도 용돈 한달30만원받고 병@신같이 살지말고,1
이게 영화 냐 ㅅㅂ,1
이게 영화 냐 ㅅㅂㅋㅋㅋㅋㅋㅋㅋㅋㅋㅋㅋㅋㅋㅋㅋ,1
개세키야 걍 찌그러져살아 나대지말고,1
개새키야 걍 찌그러져살아 나대지말고,1
개세끼야 걍 찌그러져살아 나대지말고,1
개새끼야 걍 찌그러져살아 나대지말고,1
걔새키야 걍 찌그러져살아 나대지말고,1
개생끼야 걍 찌그러져살아 나대지말고,1
개111새111끼야 걍 찌그러져살아 나대지말고,1
개생킈야 걍 찌그러져살아 나대지말고,1
걔섀키야 걍 찌그러져살아 나대지말고,1
계셰끼야 걍 찌그러져살아 나대지말고,1
미췬년들 공부도 못하는것들이 꼭 저런곳에서 책피고연애질 하지 술집 잡부일 한것들이 ㅋㅋㅋ,1
ㅁㅊ년들 공부도 못하는것들이 꼭 저런곳에서 책피고연애질 하지 술집 잡부일 한것들이 ㅋㅋㅋ,1
ㅁㅊㄴ들 공부도 못하는것들이 꼭 저런곳에서 책피고연애질 하지 술집 잡부일 한것들이 ㅋㅋㅋ,1
미111친1111년들 공부도 못하는것들이 꼭 저런곳에서 책피고연애질 하지 술집 잡부일 한것들이 ㅋㅋㅋ,1
배우가 아깝네 씨발 뭔 김치워리어보다 재미없는건 처음보네,1
배우가 아깝네 시발 뭔 김치워리어보다 재미없는건 처음보네,1
배우가 아깝네 씨11발 뭔 김치워리어보다 재미없는건 처음보네,1
배우가 아깝네 슈발 뭔 김치워리어보다 재미없는건 처음보네,1
배우가 아깝네 씨팔 뭔 김치워리어보다 재미없는건 처음보네,1
배우가 아깝네 씨박 뭔 김치워리어보다 재미없는건 처음보네,1
배우가 아깝네 씨방 뭔 김치워리어보다 재미없는건 처음보네,1
배우가 아깝네 시11발 뭔 김치워리어보다 재미없는건 처음보네,1
배우가 아깝네 ㅅㅂ 뭔 김치워리어보다 재미없는건 처음보네,1
배우가 아깝네 ㅆㅂ 뭔 김치워리어보다 재미없는건 처음보네,1
배우가 아깝네 씨팍 뭔 김치워리어보다 재미없는건 처음보네,1
박근혜를 뽑아 준 병신들아 이제 알겠니,1
박근혜를 뽑아 준 빙신들아 이제 알겠니,1
박근혜를 뽑아 준 븅신들아 이제 알겠니,1
박근혜를 뽑아 준 병11신들아 이제 알겠니,1
박근혜를 뽑아 준 빙11111신들아 이제 알겠니,1
니미럴 보좌체제가 언제 갖쳐졌다는거야 시과하면서도 거짓말하네,1
니미 보좌체제가 언제 갖쳐졌다는거야 시과하면서도 거짓말하네,1
니미렐 보좌체제가 언제 갖쳐졌다는거야 시과하면서도 거짓말하네,1
님이럴 보좌체제가 언제 갖쳐졌다는거야 시과하면서도 거짓말하네,1
니미랄 보좌체제가 언제 갖쳐졌다는거야 시과하면서도 거짓말하네,1
님이랄 보좌체제가 언제 갖쳐졌다는거야 시과하면서도 거짓말하네,1
쳐죽일 개세키 독이든 사과 필요없다,1
쳐죽일 걔새끼 독이든 사과 필요없다,1
쳐죽일 게세키 독이든 사과 필요없다,1
쳐죽일 개새키 독이든 사과 필요없다,1
쳐죽일 개셍키 독이든 사과 필요없다,1
쳐죽일 개쉐키 독이든 사과 필요없다,1
쳐죽일 개세끼 독이든 사과 필요없다,1
쳐죽일 개새끼 독이든 사과 필요없다,1
쳐죽일 개세킹 독이든 사과 필요없다,1
쳐죽일 개쉐키 독이든 사과 필요없다,1
쳐죽일 개쉐끼 독이든 사과 필요없다,1
빨대도 정도껏 꼽아야지 김치년들은 양심이 실종이야,1
빨대도 정도껏 꼽아야지 김11치11년들은 양심이 실종이야,1
빨대도 정도껏 꼽아야지 김치뇬들은 양심이 실종이야,1
빨대도 정도껏 꼽아야지 김취년들은 양심이 실종이야,1
미친x이네 뺨맞았다고 무차별 구타라니,1
미친년이네 뺨맞았다고 무차별 구타라니,1
미친뇬이네 뺨맞았다고 무차별 구타라니,1
미췬년이네 뺨맞았다고 무차별 구타라니,1
미칭년이네 뺨맞았다고 무차별 구타라니,1
뮈췬년이네 뺨맞았다고 무차별 구타라니,1
ㅁㅊㄴ이네 뺨맞았다고 무차별 구타라니,1
뮈친년이네 뺨맞았다고 무차별 구타라니,1
국녀충뭐냐ㅋㅋㅋㅋㅋㅋㅋ대갈빡에 쿰척쿰척 섹스섹스뿐이니ㅋㅋㅋㅋㅋㅋ앜ㅋㅋㅋㅋㅋㅋㅋㅋㅋ야 같이놀거면 우리처럼 소설이라도 좀 써오든짘ㅋㅋㅋㅋ국녀충ㅋㅋㅋㅋㅋㅋㅋㅋㅋㅋㅋㅋ아오조팔 수준안맞아서 같이놀겠노 우리집에잇는 앱충보다 더 틀딱따리틀딱같은 뇌가리노,1
아동 포르노 보는넘들은 진짜 빙신아니냐 애들보고 꼴리냐 진짜 한심한 넘들,1
아동 포르노 보는넘들은 진짜 병신아니냐 애들보고 꼴리냐 진짜 한심한 넘들,1
아동 포르노 보는넘들은 진짜 ㅄ아니냐 애들보고 꼴리냐 진짜 한심한 넘들,1
아동 포르노 보는넘들은 진짜 빙111신아니냐 애들보고 꼴리냐 진짜 한심한 넘들,1
아동 포르노 보는넘들은 진짜 븅신아니냐 애들보고 꼴리냐 진짜 한심한 넘들,1
아동 포르노 보는넘들은 진짜 벼엉신아니냐 애들보고 꼴리냐 진짜 한심한 넘들,1
창녀 한명이면 손님은 100명이다 한국남자들한국에 성매매 종사여성이 많다고 말하는게 자기얼굴에 침 뱉는 꼴인 것을 모르는게 신기하다 멍청한것이 수준급,1
사법부 미친 판례는 다 갈아 엎어라 븅신들 진짜 사람이 몇명이고 저런 중대범죄 앞에서 4년 1년 OOO을 하네아주,1
사법부 미친 판례는 다 갈아 엎어라 븅씬들 진짜 사람이 몇명이고 저런 중대범죄 앞에서 4년 1년 OOO을 하네아주,1
이 빙시년은 후달리면 정면돌파래 정면으로 싸다구 날리고 싶다 뻔뻔함이 하늘을 찌르는구나 천벌받을 인간,1
ㅁ ㅣ ㅊ ㅣㄴ ㄴ ㅕㄴ 세금으로 니 ㅇ ㅏ 가 리에 밥주는것도 아깝다 ㅇ ㅣ ㅁ ㅣ ㅊ ㅣㄴ ㄴ ㅕㄴ아 니는 총이 답이다 니애비 니애미가 디지듯이,1
개세끼들 ㅋ 결과 나오지도 않은 사안가지고,1
머 이런 개쉐끼가 다있어,1
저렇게 똥된장 구분못하고 나대다가 지발에 지가 걸려 지빠질 개새키,1
저렇게 똥된장 구분못하고 나대다가 지발에 지가 걸려 지빠질 개샊이,1
저렇게 똥된장 구분못하고 나대다가 지발에 지가 걸려 지빠질 개세끼,1
똥꼬 졸라 빨고있네 뷰웅신,1
똥꼬 졸라 빨고있네 븅신,1
병신 미국똘마니나 중국똘마니나 그게그거지 바보야 어짜피똘마니가 될꺼면 쫌더 센놈한테 붙어야지 피해망상에 젖어서 먼곳을 못보내 ㅋㅋㅋ,1
ㅂ신 미국똘마니나 중국똘마니나 그게그거지 바보야 어짜피똘마니가 될꺼면 쫌더 센놈한테 붙어야지 피해망상에 젖어서 먼곳을 못보내 ㅋㅋㅋ,1
병ㅅ 미국똘마니나 중국똘마니나 그게그거지 바보야 어짜피똘마니가 될꺼면 쫌더 센놈한테 붙어야지 피해망상에 젖어서 먼곳을 못보내 ㅋㅋㅋ,1
자국민 등쳐먹고 백혈병 근로자들 그렇게 무시하고 창녀한테 돈퍼주고 언론이나 돈써서 언론플레이나 하는 쌋엉전자 제품은 구매할 필요없다,1
필리핀에 마약과 섹스 사업을 보급시키면서 필리핀에서 마약은 생필품이 되어버림 미국이 필리핀에 팔아먹은 마약의 금액만 연간 20조원 이상 그리고 필리핀의 자원을 싹쓸이 해감,1
강간한 샠이 강간하고싶다 이 쓰바롬,1
저년은 맨날 똑같은 말만 해 말주변도 설득력도 시발 OOO이도 업써 먼 말하면 삼천포로 빠지는건 일등이고 면상도 보기싫어,1
프로 골퍼가 입대하면 아마 군생활의 절반 이상은 골프만 치고 가르치고 하고 휴가는 남들 최소 3 4배는 받을 거고 밥먹듯이 부내 나왔다 들어갔다 할걸 시발 군대에 골프병이랑 테니스병 축구병은 왜 있나,1
시발 크게 한번웃자 쟌또 머냐,1
더블루 미르 시발 특수으로 이관 시켜라,1
저 시발 개사이코새키 저새키는 지죄값도 모르고 사회탓하는건데 니 개인적인 문제가 잘못된거야 너같은새키는 죄없는 경찰관죽인죄 너한테 당한성폭행피해자당한거까지하면 넌 시발 니 맨살에 염산뿌려야되 새키야,1
별 병 신같은 깨시민새 끼가 경찰할배 죽였네시발 깨시민새 끼들은 사회적격리대상으로 지정해야된다,1
시발 전매 제한 없애교 1가구 2주택 중과세 해라 좀,1
이런 시발 전관예우로 집유 따고 끝나게 생겼네,1
시발한국판 서부 영화네요 그 자식 배때지에 총 맛고도 산것보니 서부영화 주인공보다 더 생명력있네 ㅋ ㅋ 이게 뭐냐 나라꼴이 암흑의 시대같다,1
이게다 공원에있는 그네때문이다 공원그네가 시발점이야,1
시발 이건 그냥 애초부터 총격전 벌이려고 나온거네 불특정다수에게 총격 폭탄테러등을 구상하고 다녔네 현실판GTA도 아니고 뭐냐 사형 싫으면 무기징역이라도 넣어라,1
시발 문구라만 찬양하는 등신 민주당에 있을 이유가 없지,1
시발 외국인 신경쓰기전에 한국인 미취업자나 신경써라 기사를 외국인이 썻나,1
이게다 공원그네 때문이다 공원그네가 시발점이야,1
얼마나 나라가 병신같으면 부정청탁 하나 막았다고 죄다 부들부들이냐 니들이 시발 거지야,1
시발 문구라가 공천 준 놈들은 괜찮지 문베충 등신들아,1
쎄빠지게 벌어서 세금 냈더니 시발 엉뚱한 년 먹여 살렸네잦같은거 예우를 해줄 려도 어이가 없네,1
이야 시발 여기 존나 빻은 댓글들 많네 당신들이 한번 지진을 경험못해서 OOO이군요 지진가지고 난리치지마라구요 허참 님들은 한번 가벼운 쓰나미에 쓸려가보세요 그리고 난리치기만 해봐요,1
개 시발 OOO네,1
우리나라는 참 좋은나라야 전과자들한테 너그러운 나라 형을 줄여주는 나라 ㅋ 시발 그렇게 공부해서 판사됫으면 제대로 판결좀 내려라 제발,1
말도 안되는 대본 써준 보좌관이나 그걸 또 옮겨 써야 하는 기자들이나 졸라 고충들이 많겠어 이건 뭐 그래갖구 그래서 수준이니 아 쓰바 쪽팔려서 진짜로,1
아니 대기업에 돈 뜯는건 박원숭에게 배웠는데 그런인간을 서울시장 뽑아준 인간들이 말이 많아 쓰바 최순실,1
쓰바 대선전에 토론하는거 보고도 찍어줬자나 암것도 할줄 몰라 자기 비위만 잘 맞추면 돼 그냥 북한 도발하기만을 기다리고 있어 그거밖에 할줄 아는 말이 없거든 대통령을 뽑아야하는데 공주마마를 뽑았어 아직도 우리나라는 근대화가 안된거지,1
도데체 국회에서 그많은 예산 받아가지고 도데체 어디다 다쓰냐 쓰바,1
아 진짜 쪽팔린다 쓰바 2억 7천에서 1억 7천은 회식했는데 썼냐 옆나라 홍보영상은 한국인들 사이에서도 칭찬이 자자한데 이건 진짜 한국인한테도 보여주기 부끄러운 영상이다 이거 진짜 조사함 해봐라 돈 어따가 사용했는지,1
야 씨바 나도 처벌해 대통령 잘못뽑은죄,1
어이 대통봐라 니는 지금 저게 의혹이라보나 이미 여러가지 물증과 최순실이권력을 등에 업고 압력을 행사해 특혜입학과 학교생활중에도 온갖 특혜로 총장까지 물러낫다 독일에서 호텔하나를 통채로 빌려 딸의 승마훈련 숙소로 밝혀졋음에도 이것이 의혹인가 당신의 눈에는 이것이 의혹으로 보이는가 오십중반의 내인생을 살믄서 저런것을 의혹이라믄 울나라엔 아무도 범죄를 구성하는 행위에 해당될 사람은 없다 뇌가 모자라나 인지 능력이 후달리나 씨바 제발 국민감정을 더이상 자극마라 분노와저개심이 치민다 이따구로하믄 디비진다,1
에이 우병우가 그리 시키던 원고는 순실이가 써주고 이런 씨바 나두잡혀가것네 난 독립군 집안이라 혹독한고문도ㅈ견딜수 있기는 한대,1
야 씨바앙세야 그 조동아리 닥치고 조용히 살아라 간신가튼 시기야,1
야이 씨바색휘야 균형있게 주둥이 놀려야지 한쪽으로만 편향 되니까 문제지 떵방위 전문대 색휘야,1
경제단체 주도로 만들었다네 이 년 미친 것 같이 느껴진다 하긴 애비 때는 가져와 한 마디면 착착 같다 바쳤는데 아 씨바 짜증 나서 미칠 것 같겠네,1
씨바닥아 넘 글러먹었어 해체시키고 그돈은 기부단체나 사회환원 하라고 얘기했어야했어 이런빙닥 12345가르쳐줘야되냐,1
이세끼 사진좀 울리지 마라 씨바 졸라역겹다,1
말만 청년실업 나불거리지 부모세대 힘들게 만들고 자식은 계속백수 말이성과연봉제 줄세우고 코끼는거야 할만넘들은 성과연봉제 안하냐 씨바,1
출국금지도 안시키고 이제와서 뭐라고 씨바 귀빵맹이를,1
이 씨바아랄 개에 가튼녀언은 언제까지 구라치는건데 당장 끌어내려 단두대에 세우자 저어녀언 저러다 지애비꼴 난다 새누당에서 저어녀언 끌어내리면 내년 대선 승산 있다,1
개씨바ㄹ 경찰방탄복을 최신형으로 구입할수없을정도 이나라가 가난하나 쓸데없는데 세금다날리고 멀쩡한관공서 부수고 새로짓고 온나라가 썩어서 냄새가진동한다 더러운 정치인들,1
저기 있잖아 이 기사에 왜 우리나라 국민들끼리 서로 까고 난리인거냐 그만 까자 남들앞에서는 숨기고 아닌척하는건 더럽고 나쁘다는걸 알기때문이잖아 비난 받을것이 두렵고 그럴만하다는 걸 알기 때문에 부끄러워서 앞에서는 입다물고 안보이는 사이버상에서만 아주 용감무쌍하지 찌질해 씨바 왜 그러고 살아 정신병자같이,1
미친씨박c키들아 좀비냐 삼성까페 이런데가보면 와c박c키들 무슨 폰을 보네주네마네 ㅋㅋㅋ 한심한c박c키들아,1
너도 슬슬 정치하려하냐 조선민주주의냐 씨방새,1
니 애미 애비 내가 쳐 죽이고 니 누이도내가 쳐 죽여야겠다 니가거들먹 거리는 민주주의 딱 이런 주준아니냐 넌 평소 습관 처럼 너 자신의 이익을 위해 거짓을 말하고 다녔고 많은 사람들을 기만하면서 너살려고 기껏 한다는 말 민주주의 자율성 타령이냐 술자리에서 친구들끼리 주고 받는 얘기면 뭐가 문제 겠냐 근데 넌 처음 말한 의도나 목적이 너무 추잡해서 엽겨울 뿐이다 잘못했다고 말하고 입조심하며 살길 바란다,1
니 애미가 누구냐고 묻는데 애비는 왜 들먹여,1
니 애미가 아들 날라고 옆집 아저씨랑 간통해서 김재동이 생산했다해도 민주주의의 말할권리인가 말에는 책임이 따른다는것을 유치원생도 안다 이놈아 정신좀 차려 방위병 아저씨 욕나온다,1
저런거가지고 따지는인간 애미한테 맞고자란놈이라그런거다,1
니네애미한테 쌍욕해도 생각을 말할수 있는거냐,1
그렇다면 네애미는 밤마다 어딜가서 자고서 새벽이면 돌아오는 암캐였고 네 애비도 밤마다 남의 집을 드나드는 돈환이었다 너는 나중에 감투하나 얻어 쓸려고 야당녀석들 똥구녕이다 핥는 얼빠진 광대고 거짓말과 풍자를 구분도 할줄 모르는 멍청이다 라고 말해도 되겠네 아무말이나 해도 괜찮다하니까 ㅎㅎ,1
김제동애미가 김일성한테 훈장받은 간첩이라메 난 내가 우파라 욕먹으면 너가애미간첩이라 하는데 웃자고하는 소리니 웃자,1
ㅉㅉ 좌동이 애미도 한몫하더구만,1
지금이 쌍팔년도 시대냐 하여간 구시대적발상이 지애비애미한테 물려받은건지 이 비ㅅ새기들아 저말이 사실이 아니면 국방이건 뭐건 왜 허위사실유포로 고소 안하냐 진짜 뇌없는 새기들많네 사실이 아닌들 빗대어 말하는거 아니냐 그만큼 썩었다는것을,1
가슴이 멍하다 애미의 심정은,1
제발혼자좀 조용하게 피해주지말고 죽든가하고 자식들은 냅둬라 이애미라는녀나ㅉ,1
죽을려면 지혼자 죽지 애들까지 애들 미래가 자기처럼 된다는 보장은 없는데 애들이 불쌍하다 애미년은 지옥에나 가라 참고로 저도 두아이에 아빠입니다,1
얼마나 더줘야 하냐 아직도 부족한겨 니 애미 애비를 팔아라 더이상줄돈없다 나라를 지키다 폭침당한 천안함용사들은 말없이 고이 잠들었는데,1
조아 그애미랑 딸래미 천박한기집잡아와,1
애미와 딸은 해외로 이미 도망갔다는데 버스지난후에 손들어 봤자다 푼수야,1
참 여기서댓글다는인간들 도대체 몇살먹었길래 대통령한테 욕설지꺼린지 야당쪽인간들은 애미애비도모르는 OOO식들만있냐,1
5 18 열사냐 이 절라도 쇅기야 너는 5 18때도 지금처럼 총들고 폭동짓 했으면 전두환 장군님 에게 사지를 찟어 죽이고 니 애미 애비 포함하여 가족 일가 친적과 사돈의 8촌 까지 모조리 연좌제로,1
그냥 제발 그자리에서 조지고 시체는 그새끼 가족이나 애미애비한테 소포로보내자,1
돈도실력이지 그런데 그 실력은 니련같이 주뎅이 싸고 천박하고 애비 애미가 쌍것들일땐 칼끝이 되서 돌아온다는거 멀지 않은 미래에 보여줄께 그땐 너나 부모 련넘들은 실력없이 교도소에서 생을 마감할거다,1
예쁜 애미 닮아 크면 잘 생길 것 같았던 윌리엄은 탈모충이 되고 형보다 못났다고 봤던 주근깨 왕자 해리는 남성미가 물씬 풍기는 상남자가 됐다,1
애비놈은 여자연예인끼고 술처먹다 부하총에 골로가고 애미또한 남편잘못만나 머리통날아가서 뒈지고 남동생은 일평생를 마약에 쩔어살다 변호사 여편네만나 이미지새탁하고 여동생은 자기보다 14살어린 기둥서방하고 사기죄로 기소되고 본인은 부정선거로 댓통령되어 세월호 참사로 아이들 다죽이고 이번엔 물대포로 힘없는 농민죽이고 최순실 꼬봉으로 댓통년 말기에 국민들 도탄에 짜트리고 이런 콩가루집안을 숭배하는 가스통할배 일베 어버이연합 댓글알바 개누리당 색히들,1
애미가 5천원짜리 화장품 사용한다는 사람이 수천만원 명품쇼핑하고 벤츠 몰고 다니고 저 인간들은 극형을 때려야,1
타이밍 절묘하네 애미하고 딸년은 타이밍 맞춰 출국하고 ㅋㅋㅋ B급 영화보다 시나리오가 후진데 이제 오다 충실히 수행산 잔챙이들 희생플레이만 남았구나 ㅋㅋㅋ,1
입에 걸레 물고 사는 정유라년 애미가 누구야 순실이 근혜 머리카락 삽니다,1
능력있는 부모를만났다고 돈도실력이라고 지부모가 강도짓 남의피같은돈 빼앗고 구걸해서 모은돈을 실력이라고 이런미친 애비 애미 딸 다모조리 구속시켜라 구속안시키면 전국민들 다 시위하자,1
독일로 토낀 무당년들이 안심이 되나보지 애비애미 목숨값으로 우두머리까지 오른 닭대가리,1
아무리 철딱서니가 없어도 그렇지 그애미에 그딸이네 애미는 나이값 하고 새끼 인성부터 제대로 가르쳐라 나도 동값내기 자식 키우지만 요즘말로 맘충이네 쯧쯧 세상 진짜 어떻게 될라고 그러냐 ㅋㅋㅋ,1
댓글삭제하네열받게 저 사진 얼굴조까이 생겼다고한게 삭제감인가요 여러분,1
Ge10이나 MB한테 많이배웠네 조까치 복잡하기 영어로 사명만드는법 국책사업 여기저기에 빨대꽂는법 하지만 MB곁에는 대가뤼생생한 젊은애들이 포진했었고 닭주변에는 사짜늙탱이들밖에 없다 그러니 뽀록나고 GE쪽팔지 MB봐라 북한강변자전거 유람중이다,1
천원짜리 빵 훔쳐먹고 소년원에 가는 아이들이 한 해 몇 명인 줄 아냐 이게 바로 대한민국의 조까튼 현실이다,1
암튼 조까튼 나라야 계속 이따구로 하다간 조선처럼 망한다,1
외국인도 느끼는 북한실상을 왜 열혈민족운동가들은 외면하는걸까 정치적 업적을 위해 국제적 공조까지 외면하는 정부 있었어니까 새삼 놀랄일도 아니지만,1
Ge10이나 MB한테 많이배웠네 조까치 복잡하기 영어로 사명만드는법 국책사업 여기저기에 빨대꽂는법 하지만 MB곁에는 대가뤼생생한 젊은애들이 포진했었고 닭주변에는 사짜늙탱이들밖에 없다 그러니 뽀록나고 GE쪽팔지 MB봐라 북한강변자전거 유람중이다,1
조또방위가 설쳐대고 3대 군면제 집안이 시장되고 폭도가 열사 대접받는 민주화 행진은 계속된다,1
앞으로 장군부인들한테 ㅡㅡ아줌씨라해라 ㅡㅡ아줌마가맞어 ㅡㅡㅡ으디서 싸모소리들을라 풀뜨드묵능소리자뻑허냐 ㅡㅡㅡ조또로마이슁스그들 ㅡㅡㅡ아들같은애들 군대보내는것도 열나구만 어디서 사모님 교육시키능것들 ㅡㅡ아줌마가 비하소리냐 ㅡㅡ우리문화단어다 ㅡㅡ친구네 엄마한테도 아줌마고 ㅡㅡ사모님이라허냐 ㅡㅡㅡ가쨘은것들아,1
김제동 죽이기는 누가죽여 지 주댕이 생각없이 떠들다 스스로 무덤파는거지 조또 못생긴게 어휴 보기싫어,1
자국민은 최저임금의 늪에서 허우적거려도 외노자는 할아버지다 이거지 조또,1
조또 다 꼼수부려 회피해놓고 엄정수사,1
조또 우리게 있어야되,1
미국ㅡ하버드 출신 운동으로 다져진 근육질 몸매 키 190 체중 100키로의 킹카남 수많은 독서로 교양 매너를 갖추었으나 한번 화가 나면 무시무시한 싸움실력을 보여줌 중 러ㅡ지잡대 출신의 키 198 체중 130키로의 물살 돼지 매너와 교양이 전혀없고 덩치만 믿고 설치지만 실제론 싸움 조또 못하는 허세남,1
매출 860억이면 순익은 얼마 삼성전자 1년매출 얼마 조또아닌거 가지고 생색내기 중소기업 수준의 매출 1년 1천억도 안 되네,1
별개다 보안사항이다 7시가동안 조빠라께찌 닥 뽀찌도 음 조아게구니다,1
누군가는 잘먹지도못하고 조빠지게 열심히 일해도 200만원이상을 벌지못하고 6080원이란 시급이 마음에 들지않아 시급좀 올려달라고 하는 사람들한테 노력을 안한다고 지껄이는 개같은나라 이런나라에서 살고있다고 인정하고 넘어가기에는 개같아서,1
지금 근무하는 법관 판사 총장 다 짤러버리고 인권단체 없애라 저런파렴치한 개세를 사형도 못시카는 헬조선 답답하다 저런개세가 인권 이어디있나 군부정치 가 필요한현실 조빠지게 일해서 저 개세를 먹여살라구 참 미치겠당,1
졸라도 순천 쒸바새끼들아 지금 마음이 어떠세요 자랑 스러우세요 존나게 후회하신다고요,1
어휴 부모돈빼면 좆또ㅂ신이가 참나 한번 망해봤으면좋겠다,1
제발지멋데로해석하지마라 정은이가 왜 겁먹냐 맨날 규탄만하는데 쪼다병신들 이젠정말지겹다 규탄 강력규탄 왜 초강려규탄은 빠젓네 ㅋㅋ,1
야 이 미친 자식들아 이게 대체 무슨 소리를 하는거냐,1
야 이 미1친 새키들아 대체 뭔 개소리야,1
존나 머리 안 돌아가는 놈들일세 지금 시국이 말이 아닌데,1
미1친 그게 무슨 웃기지도 않는 소리신가요,1
근데 이게 무슨 일이길래 존나 욕이 많아요?,1
아 ㅈㄴ 뭐같네,1
지금 갤럭시에서 앱이 안 돌아가는 문제가 있다면서요 이 애비 없는 갤럭시놈들아!!,1
지금 갤럭시 또 망할 조짐이 존나게 있던데 ㅡ.ㅡ,1
뭐 같은 개수작 ㄴㄴ합니다 ㄷㄷ,1
아니 썅 왜 통화권이탈인 곳에서 저러냐고,1
아니 썅 왜 통화권이탈인 곳에서 저러냐고 빡대갈들아냐,1
아니 샹 왜 통화권이탈인 곳에서 저러냐고,1
아니 씨앙 왜 통화권 이탈인 데에서 저래,1
전염병이 돌고있다는데 조치가 존1나 늦는거 아냐?,1
전염병이 돌고있다는데 조치가 존시나 늦는거 아냐?,1
여러분들 욕은 나빠요 그니까 욕은 쓰지맙시다 이 잡것들아,1
염병할 전염병이 돌고있는데 정부는 뭐하냐 놀고있냐,1
염병 정부를 믿는 놈들이 멍청한거지 시체나 불로 태워라,1
온갖 잡동사니가 가득하네 잡것들로 가득찬 잡놈의 집이니 당연한가,1
썅썅바 ㅋㅋㅋㅋ,1
생선이 숨쉬는 곳이 아가리 였나요 아가미 였나요?,1
아가리는 입이고 아가미가 물고기가 숨쉬는 곳,1
개조심보다는 개소리 조심을 적어놔라 시끄러워서 살겠나,1
역시 닭대가리에서 나오는 생각이 다 거기서 거기지,1
역시 빡대가리,1
미1친새끼들 진짜로 미쳐버린 미1친놈들 미1친,1
여러분 걔소리 ㄴㄴ합니다,1
이 미친새끼야 위에 욕이 존나 많아 정정이 불가해 염병,1
빡대가리들은 존나 미친 개수작만 해대냐,1
염병할 욕들이 넘 많아,1
아니 근데 넌 왜 욕하냐 ㅁㅊ ㅋㅋㅋㅋ,1
이번 사태에 대해서 어쩌구저쩌구 개소리들만 해대는게 책임전가로 밖에 안들린다 머저리들아,1
이번 사태에 대해서 어쩌구저쩌구 솔직히 책임전가로 밖에 안들린다 바보같은 새끼들아,1
이번에 아주대 근처에서 사고나다고 하던데 누가 치인 거야? 쾅하는 소리가 존1나 크게 났다고 하던데,1
이번에 아주대 근처에서 사고나다고 하던데 누가 치인 거야? 쾅하는 소리가 매우 크게 났다고 하던데,0
모르겠어 근데 사고 차량은 중앙선을 확실히 침범한 것 같더라 ㅁㅊ,1
뭔 일인지는 모르지만 또 차주 잘못으로 나오겠지 썅,1
존나 차 끌고다니기 두려워 무단횡단하는 놈을 치면 우리가 책임을 지니,1
무단횡단하는 빡대가리들은 사회악이야 어떻게 된 것들이 당당하게 걷는다니까,1
너같은 사람들은 그나마 낫지 머저리같이 그냥 걷는 놈들이 문제인거야,1
그런 새끼들이 유리하니까 무단횡단하는 사람들이 많이 나오는거지,1
캬 존나 애국심이 차오른다,1
존나 미1친거 아니냐 어떻게 거기서 그렇게 되냐,1
와 ㅁlㅊlㄴ거 아니냐 어떻게 거기서 그렇게 되냐,1
존나게 안녕?,1
안녕 셰키루들아?,1
안녕하냐 섀키들아?,1
헬조선 닥대가리는 뭐하냐,1
에휴 애미랑 딸년이 세트로 쇼를 하는구나 국민혈세 빨아먹고 사는 모기같은 년들,1
에휴 애미년이랑 딸년이 세트로 쇼를 하는구나 국민혈세 빨아먹고 사는 모기같은 년들,1
도둑애미년덕에 누린 호강도 끝이고 돈보고 못생긴년 비위맞쳐준 남편도 곧 떠날거고,1
도둑애미덕에 누린 호강도 끝이고 돈보고 못생긴년 비위맞쳐준 남편도 곧 떠날거고,1
도둑애1미년덕에 누린 호강도 끝이고 돈보고 못생긴년 비위맞쳐준 남편도 곧 떠날거고,1
도둑애1미덕에 누린 호강도 끝이고 돈보고 못생긴년 비위맞쳐준 남편도 곧 떠날거고,1
음 m이 뒈진게 분명하군,1
음 m이 뒤진게 분명하군,1
음 애미가 뒈진게 분명하군,1
음 애미가 뒤진게 분명하군,1
음 뒤진게 분명하군,1
음 뒈진게 분명하군,1
음 애미가 분명하군,1
애새끼 방치하는 애미년이나 죽치고 앉아있는 놈이나 수준 똑같음,1
애새끼 방치하는 애미 년이나 죽치고 앉아있는 놈이나 수준 똑같음,1
애새끼 방치하는 애미나 죽치고 앉아있는 놈이나 수준 똑같음,1
남자로 자기팔자펴볼려는 개간년,1
이러쿵 저러쿵 해도 생에 자기 배우자 못찾은 사람은 찾은사람에 비하면 븅쉰맞아요,1
출산 안하는게 개꿀 10년뒤에 세금으로 머리통 쪼개지면 그때가서 출산장려한다고 지랄하겟네 나라에서는 출산장려중인데,1
출산 안하는게 개꿀 10년뒤에 세금으로 머리통 쪼개지면 그때가서 출산장려한다고 염병떨겟네 나라에서는 출산장려중인데,1
출산 안하는게 개꿀 10년뒤에 세금으로 머리통 쪼개지면 그때가서 출산장려한다고 병신짓 하겠네 나라에서는 출산장려중인데,1
이번 사간도 아 몰랑 으로 마무리 지을려고 이제 국민이 그렇게 만만해 보이냐 ㄱㅐ새끼들아,1
이번 사간도 아 몰랑 으로 마무리 지을려고 이제 국민이 그렇게 만만해 보이냐 개세끼들아,1
이번 사간도 아 몰랑 으로 마무리 지을려고 이제 국민이 그렇게 만만해 보이냐 개새키들아,1
ㅋㅋㅋㅋ 덕분에 웃고간다 미1친새#끼들,1
ㅋㅋㅋㅋ 덕분에 웃고간다 미친놈들,1
난 댓글에서 또라이 트럼프 지지하는넘들 대가리에는 뭐가 들었는지 확인하고싶다,1
니가 뭔데 지럴이냐 대통령 가족이 무슨 벼슬이냐 관종인가,1
니가 뭔데 지@랄이냐 대통령 가족이 무슨 벼슬이냐 관종인가,1
끙 엑소 빅뱅만넣어주면될텐데 괜히 트와이스넣어서 중간에서 존나 폭격맞네 ㅠ,1
이래도 범죄자에게 인권이 필요하냐 개놈들아,1
전자발찌 떼버리면 폭발하는 기능도 추가했어야지 범죄자 새 키들이 인권이 어딨어,1
전자발찌 떼버리면 폭발하는 기능도 추가했어야지 범죄자 새#끼들이 인권이 어딨어,1
전자발찌 떼버리면 폭발하는 기능도 추가했어야지 범죄자 새 끼들이 인권이 어딨어,1
전자발찌 떼버리면 폭발하는 기능도 추가했어야지 범죄자새끼들이 인권이 어딨어,1
전자발찌 떼버리면 폭발하는 기능도 추가했어야지 범죄자새키들이 인권이 어딨어,1
전자발찌 떼버리면 폭발하는 기능도 추가했어야지 범죄자 세끼들이 인권이 어딨어,1
전자발찌 떼버리면 폭발하는 기능도 추가했어야지 범죄자 세1끼들이 인권이 어딨어,1
전자발찌 떼버리면 폭발하는 기능도 추가했어야지 범죄자 세$끼들이 인권이 어딨어,1
저런 ㅅㄲ가 왜 사회를 활보하냐 죽이던지 영구제명 시켜라,1
저런 새끼가 왜 사회를 활보하냐 죽이던지 영구제명 시켜라,1
개놈들 세금걷어서 다 뭣한다냐,1
개년들 세금걷어서 다 뭣한다냐,1
정말 필요할때 공권력쓰는 효과보다 버러지같은 경찰들이 공권력 남용하는게 태반,1
잡년들 매춘부들도 결혼할라면 지 짝 만나서 같이 살고 아 낳으면 된다,1
단통법 만들지말고 지들 억울할때만 국민 찾는 버 러지들,1
버ㅡ러지들아 국방비를 북한의 30배를 쓰면서 미국의 전략자산에 우리의 방위를 목매야하냐,1
닭대가리 땜에 다음정권은 빨갱이들이 잡겠다,1
닭대갈이 땜에 다음정권은 빨갱이들이 잡겠다,1
닭데가리 땜에 다음정권은 빨갱이들이 잡겠다,1
지랄 염병하고 짜빠졌네,1
지랄 앰병하고 짜빠졌네,1
지뢀 염병하고 짜빠졌네,1
지랄 얨병하고 짜빠졌네,1
지럴 염병하고 짜빠졌네,1
지럴 옘병하고 짜빠졌네,1
이정현은 아가리 닥쳐라 그당시 청와대 홍보실장으로 재직한 사실로 당신도 수사 대상이다,1
이정현은 아갈 닥쳐라 그당시 청와대 홍보실장으로 재직한 사실로 당신도 수사 대상이다,1
이정현은 아갈머리 닥쳐라 그당시 청와대 홍보실장으로 재직한 사실로 당신도 수사 대상이다,1
이정현은 아구창 닥쳐라 그당시 청와대 홍보실장으로 재직한 사실로 당신도 수사 대상이다,1
이정현은 아갈이 닥쳐라 그당시 청와대 홍보실장으로 재직한 사실로 당신도 수사 대상이다,1
경찰총장 사퇴해라 당신은 닭대가리가 임명한것이 아니라 순실이가 임명했으니 무효다 술 주정고마해라,1
경찰총장 사퇴해라 당신은 닥대가리가 임명한것이 아니라 순실이가 임명했으니 무효다 술 주정고마해라,1
경찰총장 사퇴해라 당신은 닭대갈이가 임명한것이 아니라 순실이가 임명했으니 무효다 술 주정고마해라,1
경찰총장 사퇴해라 당신은 닭댁아리가 임명한것이 아니라 순실이가 임명했으니 무효다 술 주정고마해라,1
경찰총장 사퇴해라 당신은 닥대갈이가 임명한것이 아니라 순실이가 임명했으니 무효다 술 주정고마해라,1
염병하고 앉았네 c형간염이면 간암발전할확률높다며 그사람들 인생 누가책임지나,1
엠병하고 앉았네 c형간염이면 간암발전할확률높다며 그사람들 인생 누가책임지나,1
옘병하고 앉았네 c형간염이면 간암발전할확률높다며 그사람들 인생 누가책임지나,1
피해자들 고생에 비해 존나 약하네,1
피해자들 고생에 비해 ㅈㄴ 약하네,1
뒈질러면 너 집에서 곱게 죽어,1
디질러면 너 집에서 곱게 죽어,1
뒤질러면 너 집에서 곱게 죽어,1
그러니 어떻게든 문재인끌어내릴려고 개소리하지만 결국엔 북풍몰이도 역풍당하고 있다는거지ㅋㅋㅋ ,1
그러니 어떻게든 문재인끌어내릴려고 개솔하지만 결국엔 북풍몰이도 역풍당하고 있다는거지ㅋㅋㅋ ,1
그러니 어떻게든 문재인끌어내릴려고 개솔이하지만 결국엔 북풍몰이도 역풍당하고 있다는거지ㅋㅋㅋ ,1
얘도 꽤 등신반열에 오르는듯,1
안철수는 박원순과 박지원같은 간첩세력에게 넘어간 등신 손학규가 박지원과 손잡으면 너도 간첩,1
등신씨끼 아주꼴값을떤다 니놈이경졔의 경자도 이는놈이냐 아주줘날왠병 떨고있네,1
닭대가리 너하고 언니동생한다면서 너는진짜 탄핵감이다 최씨가 대통령갔단다 칠푼아,1
이제 존나 꼴도보기싫다,1
이제와무슨 개소리 뒷백이당신이잖아,1
미친놈보다 멍청한 사람이 더 무섭다,1
사건 터진지가 언제인데 이제와서 개소리 ㅋ ㅋ ㅋ ㅋ 조작질좀 해놨다 이거지 녹취록 70개 입수해놨다 또라이야 ㅋ ㅋ ㅋ ㅋ,1
아가리를 확 사진내려라 살인충동느켜진다,1
지금 남에 일이냐 니일이야 개수작부리고있어 여태 재벌들도 전부 무협이 측근들도 무혐이 더러운 부패닭같으니라고 쌍판대기에 가레를 캬악 퉤,1
먼개소리야 개소리에는 몽둥이가 약인데 국민들 분노 개돼지 취급 언제까지 할런지 국민들이 몽둥이들고 일어날때가 된건가,1
진짜 명치 한방 존나 쎄게 때리고 싶다,1
아가리만 벌리면 거짓말이냐 니얼굴만보면 짜증난다 사진올리지마라,1
아주 쥐랄을 하는구나 마지막발악이냐,1
알도안하고 오로지 댓글판에 매달려 그저 부정비판만 하는 국민자격 없는것들 전부 더러운 아가리 찢어 버려야 한다,1
생각업는 돌대가리,1
깜도 안되는 쪼다가 어설프게 선동질하는 게 민주주의냐 허접한 놈,1
미췬 공인으로서 아무것도 배려하지않고 생각을 주저리주저리떠들고 있지도 않은일을 있는것처럼 떠벌리는놈이 무슨 자기가 민주주의 대변인처럼 구는구나,1
영천고향 행님으로써 부끄럽다 제동아 아갈해라,1
지랄하네 남을 폄훼해서 웃음을 주는것에 대한 반성은 없고 민주주의 말할 자격없다,1
쥐랄하네 남을 폄훼해서 웃음을 주는것에 대한 반성은 없고 민주주의 말할 자격없다,1
g랄하네 남을 폄훼해서 웃음을 주는것에 대한 반성은 없고 민주주의 말할 자격없다,1
지111랄하네 남을 폄훼해서 웃음을 주는것에 대한 반성은 없고 민주주의 말할 자격없다,1
지라알한다 김제동 무식한한놈아 지잡대라그러냐 터진입이라구 할말다하는나라는없다,1
지이랄한다 김제동 무식한한놈아 지잡대라그러냐 터진입이라구 할말다하는나라는없다 ,1
구라치는게 언제부터 민주주의에 들어갔냐 혓바닥 존나 길다 그냥 입닥고 반성해라 뭘 잘했다고 아가리터냐 넌 진보진영의 엑스맨이야,1
제발혼자좀 조용하게 피해주지말고 죽든가하고 자식들은 냅둬라 애미라는녀나ㅉ,1
제발혼자좀 조용하게 피해주지말고 죽든가하고 자식들은 냅둬라 앰이라는녀나ㅉ,1
미틴새낑 니도같이 감방가서 계속 수발들어라 소원이다,1
꼭 이런 미췬놈들은 가라는 여의도초록지붕엔 안가고 엄한데서 사람 잡더라,1
표분산시킬려고 개수작다부리네 이미 해는기울었어,1
표분산시킬려고 캐수작다부리네 이미 해는기울었어,1
머니투데이는 기레기들 뽑을때 무슨기준인지 궁금하다 이런것도 기사라고 쓰니 청와대에서 시키든 쪼다같은 짓하라고 에휴,1
여러분 지랄 ㄴㄴ합니다,1
이번 사태에 대해서 어쩌구저쩌구 지1랄들만 해대는게 책임전가로 밖에 안들린다 머저리들아,1
에휴 애미년이랑 딸년이 세트로 지럴을 하는구나 국민혈세 빨아먹고 사는 모기같은 년들,1
에휴 애미년이랑 딸년이 세트로 지롤을 하는구나 국민혈세 빨아먹고 사는 모기같은 년들,1
에휴 애미년이랑 딸년이 세트로 지@랄을 하는구나 국민혈세 빨아먹고 사는 모기같은 년들,1
에휴 엄마랑 딸이 세트로 지랄을 하는구나 국민혈세 빨아먹고 사는 모기같은 년들,1
어른이 장난감조립하는게 애정결핍까지 가는거임 지롤들을 한다 진짜 ㅋㅋㅋ 술쳐먹으면서 돈쓰는거보단 훨씬 나아보인다,1
어른이 장난감조립하는게 애정결핍까지 가는거임 지럴들을 한다 진짜 ㅋㅋㅋ 술쳐먹으면서 돈쓰는거보단 훨씬 나아보인다,1
어른이 장난감조립하는게 애정결핍까지 가는거임 지랄들을 한다 진짜 ㅋㅋㅋ 술쳐먹으면서 돈쓰는거보단 훨씬 나아보인다,1
어른이 장난감조립하는게 애정결핍까지 가는거임 지 랄들을 한다 진짜 ㅋㅋㅋ 술쳐먹으면서 돈쓰는거보단 훨씬 나아보인다,1
저녁 동네 지구대 가보세요 술처먹은 인간들 개 지랄 난리,1
저녁 동네 지구대 가보세요 술처먹은 인간들 개지랄난리,1
후레자식같으니라고 그런것도 못하냐 이자시가,1
후뤠자식같으니라고 그런것도 못하냐 이자시가,1
결론 트럼프의 개소리,1
개소리하고 있네 저게 대표라니 참 기가차다 ㅆ ㅂ,1
간신같은놈 개소리 작작하고 그입 다물라,1
왜 강원도 까지 와 개소리야,1
안보 개소리 불법조업 확실히 차단하면 인정해준다 물론 그 부분만,1
뭔 개소리야 지 동생들이랑 원수랑 다를바 없는 것 다들 알고 있는데 그럼 최씬 뭐냐 개소리만도 못한,1
뭔 개소리야 아가리 찢어 버릴라,1
지나가는 개도 그런 개소리에 웃겠다,1
얘는진짜 왜이런거냐ㅋㅋ 여야당을 아우르는 대통령감이라고 기대했는데 이게웬개소리ㅋㅋ 박근혜가 대북정책말고 잘한게뭐냐 ㅉㅉ 정말 대통령감없다,1
넌 굶을 때가 제일 좋더라 OOO 계속 굶지 왜 기어나와 개소리냐,1
기자시키도 이걸 뭔기사라고써 국민모두가아닌걸알고있는데 어서개소리,1
먼개소리 돼는게머임,1
개소리들그만하고 일이나해라 26 개돼지들아 74 사람들이 보고있다,1
멍 멍 멍 개소리 좀고만하소 국민들이주는세금으로윌급받으면서 국민을위한이야기를하셔야 딱한사람 충견으로 사는구려 이한심한사람아,1
내시 주제에 주접 떨기는 니눈에는 확실한것 처럼보이는가보지 국민들 눈에는 대통령 입에서 저런 개소리가 로 덜리는데,1
이건 또 뭔 개소리여 ㅋㅋㅋ 그 어느 때보다 안보위기인 상황이 찾아왓는데 무슨 안보를 잘해 미친 ㅋㅋㅋ 그나저나 최순실은,1
개소리 시불기는 사탕 하나 더 먹는게 사는데 도움이 되냐 대가리에서 나오는 말이 그런거뿐이냐 한심한 새키,1
북한지뢰도발에 비무장지대에 폭탄 40발 쏘고 몬 10보복이냐 헛소리 작작해라 아주 개소리 짓고 안자네,1
순천사람 싸잡아 욕하는 몇몇 무개념이 보이는데 몇년전 남바 완 찍어서 지금 나라가 이지경으로 갔는데 그럼 온국민이 싸잡아 욕 먹어야하는거겠네요 별 같잖은 개소리들을 하세요,1
긍원도 감자바위들 이놈개소리하는데 굽벅넘어가지 안타깝네,1
놀러가다 죽은것을 대통령에게도 보고를해야하니 또라이들아 니들때문에 경제가어찌되어가는지알고 개소리들해야지 한심한것들,1
옆집 개소리 들리네 아놔 개 짜증,1
재단 해체하고 기업인에게 돈 돌려줘라 개소리 하지말고,1
박근혜 유체이탈 개소리 그만해라 K 미르 최순실 정유라 이대총장 모두다 우병우를 못짜르는 다 너의 비리로 추정하고 있다,1
검찰이 개가 됬는데 혐의가 있겠냐 죄다 무죄때리드마 뭘 엄벌한다고 개소리냐,1
이게 지금 뭔 개소리야 ㅋㅋㅋ 지가 지를 처벌한다는거야,1
떤소리 개소리 치워라 네가 무슨 대통령이냐 시정잡배만도 못한 게,1
불법에 중심이 있는 사람이 뭐개소리냐 당장 물러나라,1
닥이 개소리하는거 들어봤어 난 들어봤지 신기해,1
닭대가리는 사과없이 그냥 고라고 외치면 아직도 정답입니다 할거라 믿는거여 머여 아님 그냥해보는 이야기면 넘 썰렁한거 알지요 진짜 문제다 서민들은 먹고 살기 힘들어 하는되 들리는 소리는 힘빠지는 이야기들 뿐이니 시원하게 욕이나 한바가지 하고프나 참아 볼란다,1
야당과 언론의 의혹제기를 멈춰줄것을 촉구합니다 제정신이세요 니비 닭대가리 탕탕탕 년아,1
불법행위 자체를 밝히지않겠지 안그래 닭대가리야,1
아시나요 개 돼지 닭 중에서 누가 제일 머리가 나쁜지 아나요 정답은 닭 임 닭이 얼마나 머리가 나쁘냐 하면 요 쥐가 자기 항문을 파 먹고 있어도 아무 고통을 느끼지 못한다네요 피가 철철철 나고 미주알이 마포걸래가 되어도요 저가 죽는줄도 모르고 ㅉㅉ 쥐구멍을 막아야 사는데 ㅉㅉㅉ 닭이 뭔 죄 입니까 고통을 모르는 닭 항문을 파 먹는 쥐들이 문제지 닭은 아무것도 모름 머리가 나빠서요 그래서 닭 대가리 닭 대가리 하나 봄,1
손석희국민대4수끝에들어간돌대가리인주제에매일언론선동질다좋은데좀공평해봐라박대통령도잘못하면잘못됐다하고문재인도똑같은인간인데잘못됐으면좀인정해라공평하게그래서좌파꼴통들이욕먹는거야신뢰성도없고,1
우리나라 보면 미국도 여자는 아닌듯 다른 후보좀 찿아보소 우리나라 닭대가리 얼마나 챙겨준건지 다들 몸조심하내,1
아직도 모르는것들은 진짜 돌대가리구만 선거안하는 나도 알겠구만,1
누가 돼도 우리나라 닭대가리년보다는 낫지,1
중국이 티벳 점령할 때는 친중국 승려까지 개머리판으로 대갈통을 다 부셔서 죽였지 중국 지지하지만 달라이 라마를 숭배하는 반동분자라는 이유 때문임 아무리 중국 빨아대봐라 중국한테 필요가 없으면 멸치대가리처럼 쓰레기통 신세,1
돌대가리를 대통령으로 뽑으니 필리핀의 운명도 이제 다됐네 미국은 전세계 유일하게 부도가 없는 국가인데 자위적으로 생존하는게 가능하다고 보는가 중국 러시아도 경제적으로 완전 나라를 망하게 할수 있는 국가가 미국인데 공산국가와 함께 한다니 저 맘속에는 또 다른 김일성 김정일 김정은을 꿈꾸는 거겠지,1
독재의 꿈을 갖고있는 두테르테의 대가리를 시진핑이 쓰담쓰담 우쭈쭈 손해본 적 없는 미국을 걷어차고 천하제일 도둑놈 짱깨와 손을 잡아 이때까지의 수순이 두테르테의 장기독재를 위한 수순이었네 국내에서는 견제할 세력도 없고 필리핀의 앞날이 훤하다,1
이종자도 닥대가리하고 같은수구 꼴통이네,1
댓글보면 미군 바지 가랑이 잡는 놈들 많네 그거 잡으면 뭐하는데 머리하고는 한심한 종자들 그렇다고 중국놈들 좋다는거 아닌데 무조건 정부말 듣고 믿는거보면 저런놈들이 대가리 싸메고 공부만해서 세상 물정 모르는놈들이라그러는구나 하는 생각하고 6 25겪어서 무조건 정부믿는 나이값하는 사람들,1
창조 닭대가리 경제 ㅡㅡㅡ지 혼자 나팔불고 닭대가리 느리빼고 울고ㅡㅡ 그러니 기업들이 안내놓고 견디겠냐 ㅡ 한심한 닭대가리 갱제,1
반감이 있다는건 이해 하지만 총구의 방향이 잘못 겨누어 졌다는것 이왕쏘는것 좀더 윗대가리들을 겨누었다면 역사에 남았을텐데 안타깝다,1
진짜 사형해라 ㅋㅋ 아니면 저새기 출소할때 대가리 빵구난다,1
사회에 불만이면 윗대가리들을 탓해야지 ㄷㅅ아 죄없는 경찰을 왜 죽여,1
막말로 까라면 까는 일선현장에서 뛰는경찰은 왜쏘니 똘아이새끼 암튼 대가리나쁜새끼들은 지가 뭘하는지모른다니까 쥐나닭잡았으면 국민영웅대접받을것 아녀왜 애꿎은 경찰한테 총질야 OOO 사형때려버려라,1
이왕 할꺼 윗대가리나 쏘지 그럼 영웅이라 칭송받을텐데 안타깝군,1
솔직히 대가리에 똥만찬 인간이 아니라면 정일이에게 재가나 받는 한심한 사이비 인권 변호사랑은 같이갈수야 없겠지,1
당 말아먹은 두넘 나란히 앉아 잘한다 언제 너들 안보고 살겠노 머저리 같은 돌대가리들 도장은 잘 있나,1
치떨리게 부패에 단호한 공주님이 그럴리가 있나 간신배들이 졸라 멍청한 허수아비 공주 조정하고 권력을 휘둔거지 닭대가리는 진실을 모를꺼야 ,1
내일이 경찰의날인데 가족의 슬픔이 더욱더 크겠네요 나이 53세에 경위라 30년 가까이 경찰에 몸 담았을터인데 얼마나 힘들었던 여정이였는지 알겠군요 죽어서 한계급 추서가 무슨 소용인가 고인 생전에는 윗분들에게 한 없이 고개를 숙였을텐데 죽어서는 한없이 윗대가리들보다 높은 단상에서 인사를 받네 참 아이러니합니다,1
그네야 아가리 조심해라 니 주인님 독일 나가셨다고 막 떠들어대다가 또 발가벗겨진 채 매타작당한다,1
뉘미 야이 닭년아 니가 무슨 스포츠 감독이냐 맨날 정면돌파 정면돌파 이거머 진짜 이따구냐 그러니 상대가 측면으로 파고들어 니 아가리 날리자나 니 순실씨 잡을수나 있냐 니 위에서 노는데 이런 정신없는년아,1
아가리를 확 사진내려라 살인충동느켜진다,1
사람이 참 한결같다 무슨 일만 터지면 아가리묵념했다가 한달쯤 지나면 아잉 나 몰랑 뭉쳐야합니다 의혹은 밝혀야 그러곤 북한이 어쩌네 저쩌네 사람이 창피한줄 몰라 아무리 새누리 얼굴 마담으로 당선된거라지만 정치를 못하면 사람이 정직하기라도해야되는거 아니냐,1
아가리만 벌리면 거짓말이냐 니얼굴만보면 짜증난다 사진올리지마라,1
알도안하고 오로지 댓글판에 매달려 그저 부정비판만 하는 국민자격 없는것들 전부 더러운 아가리 찢어 버려야 한다,1
예산부족이면 우리가낸세금은 다 정치인들 아가리로들어갔냐,1
좌좀 ㅅㄲ들이 진실이랖시고 선동한 이슈가 언제 한번이라도 사실로 밝혀적이 있었나 이회창아들 병역 피아제시계 생계형범죄 곽노현 착한뇌물 한명숙 성경책 광우병 천성산 도룡뇽멸종 천안함폭침 나경원 1억짜리 피부미용 전자파참외 나중에 모두 거짓선동으로 들통 표현의 자유란 궤변으로 정치적 이익만 편취 아가리만 처열면 거짓선동 쓰레기 좌좀들 각종 이슈에 등장하는 좌좀들은 항상 똑같은 인물들 지겹다 김제동도 한몫 거드는중 ㅉ,1
야이 스바리야 아가리 닥치고 영창갓냐안걋냐 진실만 말해 샤꺄,1
아가리로 흥한자 아가리로 망한다,1
민주주의라고 거짓말 해도 되는 건 아니다 네 놈은 아가리 닥치고 거짓말 사과부터 해라 이 기레이야,1
조선시대에 너가 지금 하는듯이 아가리 놀렸으면 관아에 끌려가 찰지게 곤장 맞았을거다 ㅋㅋㅋ,1
구라치는것도 민주주의냐 아가리 찢어버린다 빨랑 거짓말 했다고 뻥 쳤다고 잘못 빌어라 군인이 니 뒷통수 까버릴것 같은데,1
아가리 찢어지게 떠들고 민주 주장하는게 민주주의니 자신의 말에 책임을 질 줄 아는 것이 민주주의다,1
생각은 말할 수 있지만 허위사실은 유포하지는 말자 게그라는 가면을 쓴채 아가리 싸물어라,1
니아가리로 민주주의라는 말을 들으니 치가 떨린다,1
생각도 생각 나름이다 이늠아 생각나는대로 아가리로 마구 짖으면 짐승이지,1
말많으면 빨갱이지 가끔은 아가리 닥치는것도 좋은거임 거짓말할거면,1
너는 시대가 너를 살렸다고 아가리 놀리냐 이좌빨스키야 이북가서 살아라,1
씨레기 영감탱이 제발좀 아가리 닥쳐라 토나온다,1
지구 어떤 나라든 돈이면 다된다 헬조선만 그런거 같냐 배아프면 너도 벌어 사기를 치던 절도를 하던 있는놈이 장땡이여 없는것들이 아가리 살아서,1
저 놈 아가리에 총기들 쑤셔넣고 격발시켜야 됨,1
트렁크 안에 사제폭탄 있었다는데 만약에 그걸로 범인이 더큰 피해 만들었으면 좌파애들 백프로 또 촛불들고 아가리파이팅 시전했을꺼다 무능한 경찰이니 뭐니 거기에 더해 음모론까지 내세우겠지 제발 목숨다해 니들 지켜주는 경찰 군인 우습게알지마라 좌파들아 시위하다 죽은 농민만 열사만들지말고,1
아가리파이터ㅡ박근혜ㅡ,1
난 몰라 알아서들 꼬리잘라 딱이건데 뭔수사가 빨라지나 OOO 언론 이구나 청와대가 대기업 삥뜯고 관료들 손목아지 비틀어서 순시리모녀 아가리에게 대한민국을 갖다 바친 일인데 니가 모른다면 돼겄는가 참 모질이도 저런 드런 모질이기 없네그려,1
악어의 아가리에 대가리 쳐박는구나,1
범의 아가리로 들어가는 구나신,1
두테르테 빨던놈들 단체로 아가리행 ㅋㅋㅋ 애초에 그렇게 행동하는거부터 옹호하는게 박정희 빠는거랑 뭐가다르냐,1
아 아가리 좀 닥치고 니 문제나 따져 봤으면 좋겠다,1
아가리 걸레를 물었나 저년 입 냄새가 이까지 온다 아그야 양치질부터해라,1
사람 쏴 죽여놓고 지는 복부에 통증을 호소 아가리 찢기고싶냐,1
니미 방탄복예산은없는데 조떠아닌 경찰복 색깔은 일사분란하게 다음날 전국적으로바꿀수가있어 이게말이야방구야 예산탓 한번더하면 아가리찢어버린다,1
이게 말이야 막걸리야 주체사상탑까지 방문한 빨갱이 박근혜 역적년이 한건 괜찮고 야당이 한건 반역이고 내통이냐 OOO진짜 아가리를 확찢어버리고 싶다 천하의 폐기물들 ㅉㅉ 아침부터 기분 잡치네 카아아악 퉤,1
입안보 아가리안보 범죄정당 똥 누 리,1
다짤라라 김무성 아가리 닥치고 잇거라 귀족노동자다,1
여기에 몰려들어 댓글 단 남자들 하루종일 얼마나 인터넷에 매달리는지 뻔히 보이네ㅋㅋㅋ으이구 남자들아 현실 사람들이랑 세상 돌아가는 얘기 좀 나누고 그래라 똥묻은 빤쓰는 엄마한테 던지지 말고 직접 빨아입구 엉 아가리로만 효도하지 말고 빤쓰부터 빨아입고 니가 처먹은 건 니가 설거지하는 거나 해라 미성년자랑 함 해보겠다고 밤마다 눈 시뻘개지도록 채팅앱만 들여다보는 짓도 관두고 아라찌 너 태어나려고 니 위로 낙태된 누나들 불쌍하잖아ㅜㅜ,1
역시 여자들이 추진력이 있어 아가리만 털었지 100원 500원 내고 육개장이나 쳐먹던 어디랑은 달라,1
경찰죽인 성씨 인터뷰 말투 절라도 사투리 쓰는 설라디언 쇅기이다 아가리 잡아 째 버리기 전에 경상도 라는 개소리 하지 마라 애미랑 근친하는 홍어쇅기들아 카악 퉤,1
니미 염병을 하세요,1
이 나라 국민인게 정말 창피하다 미국과 일본이 이런 염병할여늘 뽑은 한국섛끼들을 어떻게 생각할까 경상도 걔돼지섛끼들아 자랑스럽냐,1
염병떨지마라 니미 씹이다,1
걍 본업에 충실해라 지가 의혈단이라도 된모양 모가지에 핏대세우고 염병하네 하찬은놈,1
풉 미친거아냐 친일학교에 130년 역사 운운하는 진보가 진보냐 앞으로 친일파 이야기만 꺼내봐라 화염병 죽창으로 찔러죽여야겠네,1
학폭위 열어서 제대로 조사하자 나 중학교때도 애들이 피해자 괴롭히다가 창문 밖으로 밀어서 떨어졌는데 피해자 혼자 떨어졌다고 염병 떨더니 가해자들 봉사활동 몇시간 받고 학교 잘만 다니더라,1
노인들 당뇨 있어서 사탕 잘 안 먹는다 확실히 알았다 여자가 대통령하면 나라 망한다는거 사건 사고 계속생기고 각종 전염병 판치고 나라 부채가 최고 된다는거 그리고 애들은 한두명도 아니고300명정도 한방에 수장시킨다는거 확실히 알았다 아까워라 내 세금 돌려줘라 내돈 내돈인데 인심은 지가써요,1
세상에 살다살다 이런 돼지가죽상판쓴 간신이 단식한다고 쥐랄염병하더니만 볼테기살만 쪘네,1
아주 염병을 해쌌네,1
내시가 지랄염병하고 있네 ㅋㅋ,1
염병 누가 누굴 엄정처벌 한다는건지 또 유체이탈이네 우병우가 그렇게 말하라고 시킵니까 박씨아주머니,1
풉 호탕하게 웃어봅니다 푸하하하하하 염병하네,1
다 들어먹이제 염병아리 같은,1
아직도 세월호냐 그 세월호를 있게한 세모를 있게 만든게 노무현정권이다 옘병할 넘들아,1
옘병하네ㅋㅋㅋㅋㅋ 등1신들 지들끼리만 칠팔십년대 사나 니가 그렇게 말하면 우리가 고개 끄덕끄덕할 거라고 생각했냐 존나 걍 지네 애비처럼 구는데 그렇게 애비가 닮고싶으면 꼭 마지막도 닮아라,1
야이 개누리당아 국민들이 아무리 개돼지더라도 작당히해 제발 멍쳥한거티내지말고 니밑에 애들도 큰자리하나 큰돈한몫챙거려하는거지 니들 절대 지지안하다 토 멍청하게 조사한다 설뭇조사한다 OOO옘병털지말고 그래야 눈앞에 날파리다 이 멍청한 개누리파야,1
OOO들좀 그만해 무슨 사실이 아닌일을 가지고 옘병들이야 좀 알고말해라 시민들아,1
옘병 웃기고 자빠졌네,1
거세를 해야지 발찌는 옘병,1
하이고 옘병 야 장난하냐 거꾸로돈거같은데 한국인들은 두바이왕족이냐 돈 글케 잘버냐 아니 어차피 외노자 조선족거지들은 지내나라면 그200이 월 800돈이다 그리고 우리나라 실업률 임금을 우선적으로 해결하고 그 후에야 그 범죄거지새끼들을 걱정하든가 아 진짜하는짓보면 야 너 이나라국민맞냐 외국인보호하는 보조금갉아먹는 인권단체냐,1
대구경북신문들 요런기사는 한개도 찾아보기힘들고 송민순거만 디립다 써재끼네 옘병,1
전자발찌는 지미 옘병한다고 걍 사형시켜라,1
조낸빨리 착수하네 나무늘보 인줄,1
됬고 조낸 비겁해보여 남자답게 행동해라,1
재단을 뭐하러털어 순실이를 구속시키고 봐야지 변죽은 조낸 울리고 덮으려하는구만,1
모르던 사람도 기사보고 검색해서만들겠네 검색어까지 조낸친절 멍청하네,1
족도 잘되는거이 한가지가 없냐 조낸 짜증 왜출마했어,1
우리나라는 어떻게된게 일 안하는 국개의원들은 급뱃지차고 놀고 조낸 위험한 일하는 사람들 소방서 경찰 은 무방비로 일을 하냐 참 한탄 스럽다 증말,1
주둥아리 함부로 놀리는 건 민주주의의 독이다 이 쪼다 자슥아,1
그시절 4성장군 부인께 방위병이 아주머니 했다면 영창급 처벌을 받았을것이다 그러나 그것도 웃자고한 말을 책임져라는식의 댓글이나 그것을 국감장에 가지고나온 멍청한 국회의원 세끼나 참 한심하다 그렇게 할일없냐 하루하루를 살기위해 사투를 벌이는 서민들께 미안하지도 않냐 자리에 맞는 일좀해라 쪼다들아,1
설마설마 했겠지 손바닥으로 하늘을 가릴 수 있을줄 알았겠지 쪼다들,1
뷰랄때라 둘다 쪼다,1
신형휴대폰에 목숨거는 쪼다같은넘들 한심스럽다,1
머니투데이는 기레기들 뽑을때 무슨기준인지 궁금하다 이런것도 기사라고 쓰니 청와대에서 시키든 쪼다같은 짓하라고 에휴,1
이제부터 건들건들 쪼다같은 대통령 뽑아서 국가의 정체성도 모르고 이념논쟁에 빠지는 일이 없도록 해야 겠습니다,1
쪼다야 자기 몸은 스스로 지켜야지 왜 미국에 빌붙어서 꼬봉짓히고 아첨히고 하나 자존심도 없고 배알도 간도 쓸게도 없나 이젠 자주국방 우리도 비밀리에 헥개발 해라,1
이제부터 쪼다같은 대통령 뽑아서 나라를 망치는 없도록 잘해야 겠습니다,1
아주 쥐랄을 하는구나 마지막발악이냐,1
밑도 끝도 없이 민주주의만 찾네 5 18은 폭동이라는 생각을 말할수 있는게 민주주의 라는 말이지 폭동을 폭동이라 부르지 못하게 할려고 별쥐랄을 다하면서 민주주의를 찾네,1
맞다 민주주의에서는 해야 할 말은 해야지 그러면 박원순 시장 아들 데려와서 신검 받으라고 해도 되지않나 근데 왜 박원숭이는 왜 그 쥐랄을 하시나 글구 해야할 말은 하되 거짓말을 하라는건 아닌데 그냥 거짓말해서 좌송하다는 말한마디면 끝날것을 왜이라 찌질하게 구시나 본인이 뭐라도 되는양 행동하시네 그 동네에서 있다보니 현실이 안보이시나,1
세상에 살다살다 이런 돼지가죽상판쓴 간신이 단식한다고 쥐랄염병하더니만 볼테기살만 쪘네,1
쥐랄하고 자빠졌넹ㅜ,1
세상에 깔게 없으니 성추행 미국에서 90년대 여자엉덩이만진게 성추행이냐 억지다 억지 트럼프가 깔게 거의없움 사업망했을때도 그냥 싹 정리했움 보통 미국사업가들은 그럴때 전부 현금화해서 도망감 그리고 부동산업자라쥐랄하네 트럼프건설이 얼마나큰 건설사인데 아여간 조생진 언론들은 오바마 노예라니까,1
세상에 깔게 없으니 성추행 미국에서 90년대 여자엉덩이만진게 성추행이냐 억지다 억지 트럼프가 깔게 거의없움 사업망했을때도 그냥 싹 정리했움 보통 미국사업가들은 그럴때 전부 현금화해서 도망감 그리고 부동산업자라쥐랄하네 트럼프건설이 얼마나큰 건설사인데 아여간 조생진 언론들은 오바마 노예라니까,1
조선의 왕도 이쥐랄병은 못 떨었다,1
가만 있어도 쥐랄 철저히 조사해 밝혀내라 해도 개 쥐랄 도대체 개세들은 어디에다 장단 맞춰야하는겨,1
쥐랄을 하시네요 진짜 어휴 암유발자,1
쥐랄용천 남아 있는게 뭐 있냐 사람도 없는데,1
하지만 이 그지같은 나라는 요 며칠동안 멀쩡한 울아파트앞 보도블럭을 갈아엎고 지롤이다 해마다 찬바람만 불면 멀쩡한 보도블럭 갈아 엎지 말구 제발 세금을 필요한 곳에 좀 써라,1
제동아 니가 말한거 사람들이 어이없어 하는게 몬줄아냐 왜 너같은 애들은 니네가 말하는건 웃자고 농담하는거고 남이 그러면 개지롤 발광떨면서 난리를 치는거 그차이다 이젠 고만하지 그러냐 너보다 잘나고 배운 애들 많으니까 되도않은 강연 한다고 주접좀 싸지말고 니 밥벌이니까 그래도 이해는 하는데 너무 마니 가진마라 군대 비리 많은거 세상이 다 아는건데 니만 아는것도 아니고 그리고 방위면 쪽팔려서라도 조용히 하겄다 국개가 암만 개여도 너 감당하고도 남고 니가 방송이나 좌좀 강연 에서,1
민주주의 좋지 근데 니 거짓말과 민주주의가 무슨 상관이 있는지 민주주의 국가에선 아무때나 거짓말해도 되는 모양이지 참 지롤도 가지가지한다 ㅋㅋㅋㅋㅋㅋㅋ,1
지롤한다 김제동 무식한한놈아 지잡대라그러냐 터진입이라구 할말다하는나라는없다 제한적민주주의모르냐 빙시나 그지같은넘이 어디서민주주의타령이얌,1
지롤들한다 부모님 허리휘는건 아니 밥은 먹고다니냐 한심하다 ㅋ 군대나 다녀와라 ㅎㅎ 불쌍하다 불쌍해 ㅋㅋ,1
그놈의 언론이랑 썩어빠진 댓글러들땜에 경찰이 제대로 일하겠냐 불법시위에 우리나라처럼 물대포쏘는 나라가 있냐 물대포 쐈다고 지롤하고 뭐하면 과잉대응했다고 뭐라하고 이러니 경찰출동해도 경찰 무서운지로 모름,1
지롤 하고 자뻐졌네 ㅋㅋㅋㅋㅋㅋㅋ,1
노무현때는 국민목숨에는 강경대응 했었습니다 그때 중국 무역흑지가 어쩌고 지롤한것도 핵잠수함 폐기한것도 중국과 그나마 EEZ협약 체결한걸 비판한것도 다 개누리 딴나라당 조중동 아니었나 이번 사드때 야당 국회의원이 대통령도 아니면서 중국가면 빨갱이라며ㅋㅋㅋ 그럼 대통령이었던 노무현때 강경대응한건 잘한거 아니냐 ㅈ도 모르면서 까면 되는줄 알고 멍청하니까 노예로 살지ㅋ 국가 경제 다 살려놓고 서민을 위한 각종 법에 선진국형 행정제도의 시작도 다 노무현 정부때였다,1
도그 지롤 졸라하네,1
지롤 상전을 어떻게 잡아 들인다고 우병우 수사하 듯 하겠지,1
죽은사람에대한 글보다 여기서도 좌빨 우빨 이지롤 하는구나 경찰들 파업해라 이런 썩어빠진 국민들위해서 모하러 일하나 술먹고 진상피우는놈들 상대하는게 반인데 파업해라 그래야 고마운거 알지 진심이다,1
해도 지롤 안해도지롤,1
내글을 다 보고 짖어라 해도 지롤 안해도 지롤 문씨 의혹엔 왜함구하냐고 하는말에 세뇌를 당했니 ,1
그래 그렇게 해야 북괴놈들이 지롤떨더라고 좀 쫄기라도 하지 더강력하게 해라,1
지롤 리콜까지는아니라도라니 아예 지네가 정한거여뭐여 리콜이답이지,1
좌좀 기레기 태세전환 뭐만하면 과잉집압이라고 지롤하면서,1
야 이 자식들아 이게 대체 무슨 소리를 하는거냐,0
머리 안 돌아가는 놈들일세 지금 시국이 말이 아닌데,0
아니 그게 무슨 웃기지도 않는 소리신가요,0
아 거 참 뭐같네,0
근데 이게 무슨 일이길래 욕이 많아요?,0
지금 갤럭시에서 앱이 안 돌아가는 문제가 있다면서요?,0
갤럭싴ㅋㅋㅋㅋㅋ 애플한테 디자인 이겨놓고 좋댄닼ㅋㅋㅋ,0
전염병이 돌고있는데 정부는 뭐하냐 놀고있냐?,0
전염병이 돌고있다는데 조치가 너무 늦는거 아냐?,0
여러분들 욕은 나빠요 그니까 욕은 쓰지맙시다,0
정부를 믿는 놈들이 멍청한거지 시체나 불로 태워라,0
온갖 잡동사니가 가득하네 이상한 것들로 가득찬 사람의 집이니 당연한가,0
쌍쌍바 아님?,0
생선이 숨쉬는 곳이 아가미 였나요?,0
아가미에요 그리고 생선보다는 물고기라고 하는게 더 나을 것 같네요,0
개조심보다는 개 짖는 소리가 크다고 적어놔라 시끄러워서 살겠나,0
역시 머리 안좋은 사람,0
정신나간 사람들 진짜로 정신나가버린 사람들,0
위에꺼도 ㅋㅋㅋㅋ 할 만한 것인가요,0
여러분 이상한 소리 ㄴㄴ합니다,0
위에 욕이 너무 많아 정정이 불가합니다,0
머리 안 돌아가는 것들은 계속 정신나간 짓들만 해대냐,0
아니 그러는 넌 왜 욕하냐 ㅋㅋㅋㅋ,0
다들 욕 좀 그만하세요ㅡㅡ,0
이번 사태에 대해서 어쩌구저쩌구 헛소리들만 해대는게 책임전가로 밖에 안들린다 멍청이들아,0
이번에 아주대 근처에서 사고나다고 하던데 누가 치인 거야?,0
모르겠어 근데 사고 차량은 중앙선을 확실히 침범한 것 같더라,0
뭔 일인지는 모르지만 또 차주 잘못으로 나오겠지,0
진짜 차 끌고다니기 두려워 무단횡단하는 놈을 치면 우리가 책임을 지니,0
나도 가끔씩 하는데 양 옆을 확실히 살펴보고 빨리 건너가서 그런 위험한 일은 없었어,0
나도 가끔씩 하는데 양 옆을 확실히 살펴보고 존ㄴㅏ게 빨리 건너가서 그런 위험한 일은 없었어,0
너같은 사람들은 그나마 낫지 위험하게 그냥 걷는 놈들이 문제인거야,0
그렇게 유리하니까 무단횡단하는 사람들이 많이 나오는거지,0
근데 우리 무슨 얘기하다 이 얘기한거냐?,0
안녕하세요,0
캬아아 주모 국뽕 하나 더!,0
크으으 이건 국뽕 인정해야한다,0
캬 애국심이 차오른다,0
와 말이 안 되는거 아니냐 어떻게 거기서 그렇게 되냐,0
차라리 앉아서 똥싸는중이라고 해라,0
저 2명이 공매도에 시발점이라 생각하는거냐 ㅋㅋㅋㅋ,0
진짜 짱깨 못지 않네 한국,0
에휴 엄마랑 딸이 세트로 하는구나 국민혈세 빨아먹고 사는 모기같은 년들,0
도둑덕에 누린 호강도 끝이고 돈보고 못생긴년 비위맞쳐준 남편도 곧 떠날거고,0
애새끼 방치하는 엄마나 죽치고 앉아있는 놈이나 수준 똑같음,0
이런 마인드를 가진 여성공무원이 무슨일을 할까 수다,0
여성독신공무원 퇴직금 줄이고 의료보험 줄여야 함다 세금 아깝다,0
사실 남자들은 성욕 배출구가 필요할 뿐,0
남자로 자기팔자펴볼려는,0
이러쿵 저러쿵 해도 생에 자기 배우자 못찾은 사람은 찾은사람에 비하면 루저맞아요,0
결혼안하신분들 요즘은 공유경제시대입니다 내남편 내마누가필요없으면 그냥 공유하세요,0
넌 절대 안 말림 혼자 살다 늙은 여자로 죽으라고 해 우린 애낳고 싸우고 지지고 볶으면서 사는거다,0
금수저들이나 펑펑 낳아주세요ㅠㅠ 그래야 부의 재분배가 그나마 이루어지지ㅠ,0
출산 안하는게 개꿀 10년뒤에 세금으로 머리통 쪼개지면 그때가서 출산장려한다고 난리치겟네 나라에서는 출산장려중인데,0
이번 사간도 아 몰랑 으로 마무리 지을려고 이제 국민이 그렇게 만만해 보이냐,0
당연한 처벌이다 그 전에 하지 말아야지,0
니가 뭔데 난리냐 대통령 가족이 무슨 벼슬이냐 관종인가,0
끙 엑소 빅뱅만넣어주면될텐데 괜히 트와이스넣어서 중간에서 폭격맞네 ㅠ,0
제발 취재해서 기사좀 쓰세요 참새도 아니고 주워먹지만 말고,0
이래도 범죄자에게 인권이 필요한가요,0
전자발찌 떼버리면 폭발하는 기능도 추가했어야지 범죄자 놈들이 인권이 어딨어,0
저런 놈이 왜 사회를 활보하냐 죽이던지 영구제명 시켜라,0
애 낳아서 키울 만한 나라면 왜 안낳겟어요 직장 육아 병행 해봣지만 골병만 듬,0
군대갔다오지 데이트하면 더치페이도 안하지 이런건 차별이라고하지도않아요ㅋㅋ,0
매춘부들도 결혼할라면 지 짝 만나서 같이 살고 아 낳으면 된다,0
저녁 동네 지구대 가보세요 술처먹은 인간들 개난리,0
단통법 만들지말고 지들 억울할때만 국민 찾는 놈들,0
나라돌아가눈거 보면 그냥 한국 폐업하고싶다 그냥 미국 자치주로 들어가자 그게 같겠다,0
지들 입으로 실패라고 해서 g5중고가 망,0
진짜 호구안될라면 소비자가 똑똑해져야한다 아무렇게나 니대로살면 한순간에 호구되는거야 바보처럼사는게 좋은건아니야,0
게임 같이 하네 진짜 제대로 안하냐,0
환불하면 되는데 진따같은 거지들 갑질도 웬간히 해라,0
저 가 성공하면 우리는 되는거,0
자이언츠는 부산을 떠나라,0
그돈으로 인민들 배나채워줘 돼지야,0
남자 둘때문에 시청률 망각 백퍼 둘은 모델일이나 해라 좀 양심있냐,0
현대 다음은 삼성입니다 imf 오면 나라 망,0
스터디 이나 빠세요ㅋ 1등은 집에서 해도 1등 꼭 모지리들이 저 떨지,0
같은 것들이 더 이야,0
같은 세상에 살기 힘드네,0
최순실 아 그만 설쳐,0
이대총장 모가지가 날라갓다 엄정수사 이다,0
무능한 정부임을 입증하는 꼴이다 이나라는 개 이다,0
됬네 재산 몰수에 10년은 콩밥,0
키작은데 저런식으로 코디하면 찐따같아보임,0
이쁜걸떠나서 얘행실이나보고 님들도 열폭한다느니 그러길 역사지식 또없고,0
이새끼는 부터 짤라라,0
도 SNS 하면서 뭔 사생활 SNS 하는순간 사생활은 불가능한걸 니들이 알어,0
역시 탄소년단은 아웃오브안중이네ㅋㅋ,0
얼마나 나라가 병신같으면 부정청탁 하나 막았다고 죄다 부들부들이냐 니들이 거지야,0
땜에 다음정권은 빨갱이들이 잡겠다,0
그냥 혼자 살아라 결혼하고 나서도 용돈 한달30만원받고 같이 살지말고,0
하고 짜빠졌네,0
공부도 못하는것들이 꼭 저런곳에서 책피고연애질 하지 술집 잡부일 한것들이 ㅋㅋㅋ,0
배우가 아깝네 뭔 김치워리어보다 재미없는건 처음보네,0
이정현은 닥쳐라 그당시 청와대 홍보실장으로 재직한 사실로 당신도 수사 대상이다,0
박근혜를 뽑아 준 애들아 이제 알겠니,0
보좌체제가 언제 갖쳐졌다는거야 시과하면서도 거짓말하네,0
이정도 하면 정신차려라 주둥이에 똥을 쳐넣어도 된장인줄알면 안되는거 아니냐,0
이정도 하면 정신차려라 주뎅이에 똥을 쳐넣어도 된장인줄알면 안되는거 아니냐,0
이정도 하면 정신차려라 주둥아리에 똥을 쳐넣어도 된장인줄알면 안되는거 아니냐,0
이정도 하면 정신차려라 쥬둥이에 똥을 쳐넣어도 된장인줄알면 안되는거 아니냐,0
이정도 하면 정신차려라 주둥에 똥을 쳐넣어도 된장인줄알면 안되는거 아니냐,0
이정도 하면 정신차려라 똥을 쳐넣어도 된장인줄알면 안되는거 아니냐,0
쳐죽일 독이든 사과 필요없다,0
빨대도 정도껏 꼽아야지 양심이 실종이야,0
뺨맞았다고 무차별 구타라니,0
경찰총장 사퇴해라 당신은 임명한것이 아니라 순실이가 임명했으니 무효다 술 주정고마해라,0
생긴게 탐욕스럽고 나 꼴통 이라 쓰여있네,0
생긴게 탐욕스럽고 나 꼴똥 이라 쓰여있네,0
생긴게 탐욕스럽고 나 꼬올통 이라 쓰여있네,0
생긴게 탐욕스럽고 나 이라 쓰여있네,0
아동 포르노 보는넘들은 진짜 아니냐 애들보고 꼴리냐 진짜 한심한 넘들,0
하고 앉았네 c형간염이면 간암발전할확률높다며 그사람들 인생 누가책임지나,0
피해자들 고생에 비해 약하네,0
쓰달때기없는 주둥이 나불거리지말고 너 주둥이에 처넣은 쌀이 아깝다,0
쓰달때기없는 주뎅이 나불거리지말고 너 주둥이에 처넣은 쌀이 아깝다,0
쓰달때기없는 주딩이 나불거리지말고 너 쥬둥이에 처넣은 쌀이 아깝다,0
쓰달때기없는 주둥 나불거리지말고 너 쥬둥아리에 처넣은 쌀이 아깝다,0
그러니 어떻게든 문재인끌어내릴려고 하지만 결국엔 북풍몰이도 역풍당하고 있다는거지ㅋㅋㅋ ,0
제 정신인가 이런 정신병자들이 나라 의원을하니 이나라가 이 꼴이지 엄청xxx구멍 닦고있네 ㅋㅋㅋㅋ,0
빨리 가족들 품으로 돌아갈 수 있기를 빕니다,0
뭐가 되었던 아무 생각 앖는거보단 나은거 같음 이 미친나라 때문에 관용이 저절로 생기는듯 참 정신병자들 많은 세상이야,0
그게 그거지 바보야 어짜피똘마니가 될꺼면 쫌더 센놈한테 붙어야지 피해망상에 젖어서 먼곳을 못보내 ㅋㅋㅋ,0
그게 그거지 바111보야 어짜피똘마니가 될꺼면 쫌더 센놈한테 붙어야지 피해망상에 젖어서 먼곳을 못보내 ㅋㅋㅋ,0
그게 그거지 멍충아 어짜피똘마니가 될꺼면 쫌더 센놈한테 붙어야지 피해망상에 젖어서 먼곳을 못보내 ㅋㅋㅋ,0
그게 그거지 멍충스 어짜피똘마니가 될꺼면 쫌더 센놈한테 붙어야지 피해망상에 젖어서 먼곳을 못보내 ㅋㅋㅋ,0
그게 그거지 멍츙아 어짜피똘마니가 될꺼면 쫌더 센놈한테 붙어야지 피해망상에 젖어서 먼곳을 못보내 ㅋㅋㅋ,0
그게 그거지 뭉충아 어짜피똘마니가 될꺼면 쫌더 센놈한테 붙어야지 피해망상에 젖어서 먼곳을 못보내 ㅋㅋㅋ,0
그게 그거지 몽충아 어짜피똘마니가 될꺼면 쫌더 센놈한테 붙어야지 피해망상에 젖어서 먼곳을 못보내 ㅋㅋㅋ,0
그게 그거지 멍청아 어짜피똘마니가 될꺼면 쫌더 센놈한테 붙어야지 피해망상에 젖어서 먼곳을 못보내 ㅋㅋㅋ,0
신 삽질하는구나 이런 젠장할 암울하네요,0
제기랄 서민은 영장 없이 저 구석 생쇼 하면도 부자 실세 게이트는 딸 국내 있는지 파악조차 골통 새끼 그면 딸은 어떻게 들어갔나 ,0
제기랄 서민은 영장 없이 저 구석 생쇼 하면도 부자 실세 게이트는 딸 국내 있는지 파악조차 꼴통 새끼 그면 딸은 어떻게 들어갔나 ,0
제기럴 서민은 영장 없이 저 구석 생쇼 하면도 부자 실세 게이트는 딸 국내 있는지 파악조차 골통 새끼 그면 딸은 어떻게 들어갔나 ,0
뉴이스트 너무 잘생겼다아아아,0
방탄소년단 더 세계적으로 대박나자,0
그네님이 대장되고 세월호에 지진에 전염병에 이제 머남았나요,0
숭실대보다는 아주대지,0
인하대보다는 아주아닌가여,0
아주대 소웨 가고싶다,0
아주대소웨랑 사보중에 어디가 좋을까,0
진짜 쓰레기들 많다 지랄두 풍년일세 넌 숨은왜 쉬니 미세먼지들어가는데 진짜,1
진짜 쓰레기들 많다 지2랄일세 넌 숨은왜 쉬니 미세먼지들어가는데 진짜,1
진짜 쓰레기들 많다 지 랄두 풍년일세 넌 숨은왜 쉬니 미세먼지들어가는데 진짜,1
진짜 쓰레기들 많다 풍년일세 넌 숨은왜 쉬니 미세먼지들어가는데 진짜,0
시발 중복이라 풀어주면 풀어줬다고 지랄들 꼭 일어난후에 예견된 참사네 문제가 있네 없네 하더라,1
시발 중복이라 풀어주면 풀어줬다고 염병들 꼭 일어난후에 예견된 참사네 문제가 있네 없네 하더라,1
경찰이 우범자만 관리하냐 그리고 제발 일어나기전에 조치좀 해라 ,0
경찰이 우범자만 관리하냐 그리고 제발 일어나기전에 조심해라 ,0
병신짓거리 하고 다니지 않나 이런넘들 부터 끌어모아 김정은이에게 수출해야지 원 능력이 탁월해서 내가 안해도 다한다고 하는 넘들,1
병신짓거리 하고 다니지 않나 이런넘들 부터 끌어모아 김정은이에게 수출해야지 원 능력이 탁월해서 내가 안해도 다한다고 하는 넘들,1
개새들 ㅋㅋ 새누리당새키들은 아직도 20세기에서 살고있네 ㅋㅋㅋ,1
개쌔끼들 ㅋㅋ 새누리당새키들은 아직도 20세기에서 살고있네 ㅋㅋㅋ,1
개자식들 ㅋㅋ 새누리당새키들은 아직도 20세기에서 살고있네 ㅋㅋㅋ,1
개자싁들 ㅋㅋ 새누리당새키들은 아직도 20세기에서 살고있네 ㅋㅋㅋ,1
개세키들 ㅋㅋ 새누리당새키들은 아직도 20세기에서 살고있네 ㅋㅋㅋ,1
개~새끼들 ㅋㅋ 새누리당새키들은 아직도 20세기에서 살고있네 ㅋㅋㅋ,1
개자슥 ㅋㅋ 새누리당새키들은 아직도 20세기에서 살고있네 ㅋㅋㅋ,1
쉬빨 그럼 이번에도 손학규가 또 공천줬냐 민주당 간판없애고 무소속으로 나갔어야지,1
쉬펄 그럼 이번에도 손학규가 또 공천줬냐 민주당 간판없애고 무소속으로 나갔어야지,1
시빨 그럼 이번에도 손학규가 또 공천줬냐 민주당 간판없애고 무소속으로 나갔어야지,1
시파 그럼 이번에도 손학규가 또 공천줬냐 민주당 간판없애고 무소속으로 나갔어야지,1
십팔 그럼 이번에도 손학규가 또 공천줬냐 민주당 간판없애고 무소속으로 나갔어야지,1
씨팔 그럼 이번에도 손학규가 또 공천줬냐 민주당 간판없애고 무소속으로 나갔어야지,1
씹팔 그럼 이번에도 손학규가 또 공천줬냐 민주당 간판없애고 무소속으로 나갔어야지,1
쉬벌 그럼 이번에도 손학규가 또 공천줬냐 민주당 간판없애고 무소속으로 나갔어야지,1
시불탱 그럼 이번에도 손학규가 또 공천줬냐 민주당 간판없애고 무소속으로 나갔어야지,1
시벌탱 그럼 이번에도 손학규가 또 공천줬냐 민주당 간판없애고 무소속으로 나갔어야지,1
시이발 그럼 이번에도 손학규가 또 공천줬냐 민주당 간판없애고 무소속으로 나갔어야지,1
씨이발 그럼 이번에도 손학규가 또 공천줬냐 민주당 간판없애고 무소속으로 나갔어야지,1
씨이이이발 그럼 이번에도 손학규가 또 공천줬냐 민주당 간판없애고 무소속으로 나갔어야지,1
스벌 그럼 이번에도 손학규가 또 공천줬냐 민주당 간판없애고 무소속으로 나갔어야지,1
스3벌 그럼 이번에도 손학규가 또 공천줬냐 민주당 간판없애고 무소속으로 나갔어야지,1
싀발 그럼 이번에도 손학규가 또 공천줬냐 민주당 간판없애고 무소속으로 나갔어야지,1
썩을놈 진짜 아가리를 확찢어버리고 싶다 천하의 폐기물들 ㅉㅉ 아침부터 기분 잡치네 카아아악 퉤,1
써글놈 진짜 아가리를 확찢어버리고 싶다 천하의 폐기물들 ㅉㅉ 아침부터 기분 잡치네 카아아악 퉤,1
썩1을놈 진짜 아가리를 확찢어버리고 싶다 천하의 폐기물들 ㅉㅉ 아침부터 기분 잡치네 카아아악 퉤,1
썩을년 진짜 아가리를 확찢어버리고 싶다 천하의 폐기물들 ㅉㅉ 아침부터 기분 잡치네 카아아악 퉤,1
썩1을년 진짜 아가리를 확찢어버리고 싶다 천하의 폐기물들 ㅉㅉ 아침부터 기분 잡치네 카아아악 퉤,1
썩을놈진짜 아가리를 확찢어버리고 싶다 천하의 폐기물들 ㅉㅉ 아침부터 기분 잡치네 카아아악 퉤,1
썩글놈진짜 아가리를 확찢어버리고 싶다 천하의 폐기물들 ㅉㅉ 아침부터 기분 잡치네 카아아악 퉤,1
썩 을년 진짜 아가리를 확찢어버리고 싶다 천하의 폐기물들 ㅉㅉ 아침부터 기분 잡치네 카아아악 퉤,1
썩을 놈진짜 아가리를 확찢어버리고 싶다 천하의 폐기물들 ㅉㅉ 아침부터 기분 잡치네 카아아악 퉤,1
썩 글놈진짜 아가리를 확찢어버리고 싶다 천하의 폐기물들 ㅉㅉ 아침부터 기분 잡치네 카아아악 퉤,1
진짜 아가리를 확찢어버리고 싶다 천하의 폐기물들 ㅉㅉ 아침부터 기분 잡치네 카아아악 퉤,1
씌발 썩을놈 진짜 아가리를 확찢어버리고 싶다 천하의 폐기물들 ㅉㅉ 아침부터 기분 잡치네 카아아악 퉤,1
씌벌놈 진짜 아가리를 확찢어버리고 싶다 천하의 폐기물들 ㅉㅉ 아침부터 기분 잡치네 카아아악 퉤,1
븅~딱 진짜 아가리를 확찢어버리고 싶다 천하의 폐기물들 ㅉㅉ 아침부터 기분 잡치네 카아아악 퉤,1
븅1신 진짜 아가리를 확찢어버리고 싶다 천하의 폐기물들 ㅉㅉ 아침부터 기분 잡치네 카아아악 퉤,1
염병들하네 남이하면 불륜이고 내가하면 로멘스냐,1
거리에 개새키들이 활보하고 애궂은 경찰이 총맞고 죽은거잖아 ,1
니애미나 챙기세요 남의 집에 감놔라 배놔라 하지말고,1
너검마나 챙기세요 남의 집에 감놔라 배놔라 하지말고,1
느그애미나 챙기세요 남의 집에 감놔라 배놔라 하지말고,1
느금마나 챙기세요 남의 집에 감놔라 배놔라 하지말고,1
느개비나 챙기세요 남의 집에 감놔라 배놔라 하지말고,1
느그애비나 챙기세요 남의 집에 감놔라 배놔라 하지말고,1
니애비나 챙기세요 남의 집에 감놔라 배놔라 하지말고,1
니 애비나 챙기세요 남의 집에 감놔라 배놔라 하지말고,1
니엄마나 챙기세요 남의 집에 감놔라 배놔라 하지말고,1
니앰이나 챙기세요 남의 집에 감놔라 배놔라 하지말고,1
느검마나 챙기세요 남의 집에 감놔라 배놔라 하지말고,1
니애#미나 챙기세요 남의 집에 감놔라 배놔라 하지말고,1
너나 챙기세요 남의 집에 감놔라 배놔라 하지말고,0
니 애미나 챙기세요 남의 집에 감놔라 배놔라 하지말고,1
전과 9범정도면 전자발찌가 아니라 아예 못나오게 했어야지 버 러지들아,1
전과 9범정도면 전자발찌가 아니라 아예 못나오게 했어야지 빙신들아,1
전과 9범정도면 전자발찌가 아니라 아예 못나오게 했어야지 뷩신들아,1
전과 9범정도면 전자발찌가 아니라 아예 못나오게 했어야지 병신들아,1
전과 9범정도면 전자발찌가 아니라 아예 못나오게 했어야지 병 신들아,1
전과 9범정도면 전자발찌가 아니라 아예 못나오게 했어야지 썩 을놈들아,1
전과 9범정도면 전자발찌가 아니라 아예 못나오게 했어야지 빙신들아,1
전과 9범정도면 전자발찌가 아니라 아예 못나오게 했어야지 씨펄놈들아,1
전과 9범정도면 전자발찌가 아니라 아예 못나오게 했어야지 시1발놈들아,1
전과 9범정도면 전자발찌가 아니라 아예 못나오게 했어야지 씨 발놈들아,1
그렇게 살거면 그냥 나가 뒤져라 등신 새끼들아,1
그렇게 살거면 그냥 나가 뒤져라 등1신 새끼들아,1
그렇게 살거면 그냥 나가 디져라 등신 새끼들아,1
그렇게 살거면 그냥 나가 뒈1져라 등신 새끼들아,1
그렇게 살거면 그냥 나가 뒤 져라 등1신 새끼들아,1
그렇게 살거면 그냥 나가 디 져라 등신 새끼들아,1
빙신 넌 정말찌질이다 멍청아 국회에다 총질을해대야 영웅이라고하지 ,1
빙 신 넌 정말찌질이다 멍청아 국회에다 총질을해대야 영웅이라고하지 ,1
볍1신 넌 정말찌질이다 멍청아 국회에다 총질을해대야 영웅이라고하지 ,1
씌팔 넌 정말찌질이다 멍청아 국회에다 총질을해대야 영웅이라고하지 ,1
쒸벌 넌 정말찌질이다 멍청아 국회에다 총질을해대야 영웅이라고하지 ,1
씌불 넌 정말찌질이다 멍청아 국회에다 총질을해대야 영웅이라고하지 ,1
시빨 넌 정말찌질이다 멍청아 국회에다 총질을해대야 영웅이라고하지 ,1
씨빨 넌 정말찌질이다 멍청아 국회에다 총질을해대야 영웅이라고하지 ,1
호로잡놈 한놈 때문에 죽지말아야 할 사람이 죽었네 대한민국 법이 강화 돼지 않는이상 미래는없다,1
후레자식 한놈 때문에 죽지말아야 할 사람이 죽었네 대한민국 법이 강화 돼지 않는이상 미래는없다,1
븅신새끼 한놈 때문에 죽지말아야 할 사람이 죽었네 대한민국 법이 강화 돼지 않는이상 미래는없다,1
ㅈ병신새끼 한놈 때문에 죽지말아야 할 사람이 죽었네 대한민국 법이 강화 돼지 않는이상 미래는없다,1
애미없는 한놈 때문에 죽지말아야 할 사람이 죽었네 대한민국 법이 강화 돼지 않는이상 미래는없다,1
똘추 한놈 때문에 죽지말아야 할 사람이 죽었네 대한민국 법이 강화 돼지 않는이상 미래는없다,1
개색키 한놈 때문에 죽지말아야 할 사람이 죽었네 대한민국 법이 강화 돼지 않는이상 미래는없다,1
개셱키 한놈 때문에 죽지말아야 할 사람이 죽었네 대한민국 법이 강화 돼지 않는이상 미래는없다,1
걔세끼 한놈 때문에 죽지말아야 할 사람이 죽었네 대한민국 법이 강화 돼지 않는이상 미래는없다,1
개썌 끼 한놈 때문에 죽지말아야 할 사람이 죽었네 대한민국 법이 강화 돼지 않는이상 미래는없다,1
믿고 보는 놀란 영화,0
재밌을거 같네요 예매완료,0
그렇군 크리스 퍼 놀란 이군,0
중간 졸린 부분 빼고 마지막 정말 감동 ㅠㅠ,0
소름 돋음 진짜 한번더보고 싶음,0
인터스텔라 너무 재밌 엇어요,0
재미 잇어요 깊이 생각 할수 잇어요,0
인셉션 을 뛰어넘 는 올해 대작,0
넘 재미 잇음 내용 소름,0
감격 또 감격 짱입니다,0
이건 진짜 너무 놀라 워,0
크리스토퍼놀란 감독 이것 이외 에 무엇 이 더 필요 할까요,0
이렇게 기다리는 영화는 첨이다,0
언제나 믿고 보는 놀란,0
스티븐스필버그 영환데 최고 겠지 ㅋㅋㅋ,0
미지의 세계로 가는 인류를 그린 영화 내용이 좀 어려움,0
정말 좋은 영화 인거 같다 아무리 긴 러닝타임을 가졌지만 보면서 지루하다는 생각은 않들았다 이런영화를 언제 또 볼지 모르겠다,0
시사회때 보고옴 꿀잼 인셉션이나 다크나이트처럼 아주 심오한 내용까지라기보단 감성적 영화라고 보면 됨,0
상상의 정점일듯,0
관람객몇번이고 다시 봐도 좋을 영화,0
타이타닉 트랜스포머 이후에 명작탄생이네요 인터스텔라 는 우주의 신비와 무한한 상상력을느끼게 해준영화인거 같다,0
인생의 교훈 꿈과 현실사이의 갈등 음악 영상미 연출 모두 훌륭하다,0
항상 우리를 놀라게해 상상력이 항상 그 이상이야,0
노래는 좋은데 설명이 좀더 있었으면 하는 아쉬움 끝이 살짝 허무하기도하고,0
영상 음악 스토리 색감 연기 무엇 하나 흠 잡을 곳이 없다 퍼펙트,0
진심 꼭 추천합니다 조금 지겹더리도 눈뜨고 끝까지보세요 그래야 이 평점 나옵니다,0
색감 음악 연기 어느하나 빠지는거 없는 최고예요,0
꿈과 사랑은 비등하지 않았다,0
개인의 취향일지도 아님 내가 변했는지도,0
뻔한 줄거리 뻔하지 않은 이야기 아련해라,0
볼거리가 많았고 감명깊은 대사들도 많았습니다 재밌게 보았어요,0
너무 기대를 하고 봤나보네요,0
라라랜드 ost 넘 좋아요계속 머리속에 맴돌아요근래에 본 영화중에 최고에요강추합니다,0
인생 베스트 영화중 하나로 꼽을수 있는 영화 할리웃에 대한 찬사를 보내기는 오랜만임,0
볼꺼리 들을꺼리 가 득한 영화에요,0
진짜 재미없고 진부합니다 더 길게 쓸 필요도 없을 정도,0
보는 내내 동화속에 있는 느낌을 받을수있는 영화,0
너무 슬프다 눈물이 멈추지를 않는다,0
잔잔한 좋은영화분명 슬픈 영화는 아닌데 제 상황과 너무 잘 맞아 눈물흘리며 봤네요,0
최고다최고다 영화를즐길 수 있는 감성이 없는 사람들이 안타깝다,0
2016년도 최고의 영화였다 매년 다시 볼거같음,0
소름 소름 솔름 소름 소름 또 소름,0
조금 오글거리는 부분이 있지만 영상미는 너무 이쁨,0
조아요조아요조아요조아요,0
영화가 끝나고 이런 감동과 여운을 느낀건 2012년 레미제라블 이후 처음이예요,0
정말좋고행복하고아름다운영화,0
영화를 보면서 이게 무대에 올려져도 멋지겠다 싶었습니다 음악이 너무 좋았구요,0
결말이 짠내나도 좋은 영화 욕 할 수 없는 영화,0
인생극장 그 어떤 스릴러보다 가슴뛰게 하는 많은 장면들,0
뮤지컬 영화에 대한 편견을 날려준 최고의 영화,0
음악영화는 똑같다 내용은 그저 그런데 음악이 너무 좋다,0
영화란 이런 영화가 영화지,0
현실적이어서 아름다운 영화,0
뮤지컬이 가미된 구름위를 걷는 듯한 로맨스 한번 더 볼겁니다,0
나도 꿈을 가졌을 때가 있나 되돌아보게된다 라이런 고슬링의 마지막 눈빛은 오래도록 생각 날 것같다 음악도 계속 생각나고 장면들도 계속 생각나고 어서 빨리 소장하고 싶다,0
아무래도 난 찜찜한게 그럼 안되지않나 ㅋㅋㅋㅋ,0
둘이서 볼 때와 혼자 볼 때가 다른 영화,0
와 올해 본 영화중에 가장 아름다운 영화였다 영화 자체가 예술이다 세번볼만한 영화다,0
마지막 10분은 그 자리에 마치 내가 있었어야돼 란 느낌의 남자의 상상같았어,0
꿈을 위해 포기할수밖에없었던 사랑,0
신비로운 영상과 색 환상적인 노래 그리고 읭,0
친구가 내가 좋아할것같다며 인생영화라고 추천 첫장면부터 정색 잠을잘까고민 내앞에 여자둘이 나간이후로 8명이 출구 화장실x 로 나가는걸 세어봄 이렇게 많이나가는거 첨봄 1점평점준사람 공감 근데 마지막장면에서 몰입 그나마 마지막장면은 최고였다,0
재즈나 뮤지컬을 별로 안 좋아함에도 불구하고,0
첫시작장면부터 기대감을 줬지만 아무정보없이 겨울과 봄이 넘어가는장면에선 지루함이 느껴졌고 이게 뭐지하는 생각만 들었다 그러나 중후반 지나면서 마무리까지 이야기가 진행될때 멋진뮤지컬을 한편본 기분이 들면서 박수를 쳐야할거같다는 생각이 들었다 좋은 영화다,0
본인은 뮤지컬도 참 좋아하는 편이지만 이것은 잘 모르겠다,0
관람객약간 잠이 오는 타이밍이 있긴했지만 음악을 즐길수 있는 영화를 본 거같아,0
마지막 눈빛교환이 모든 감정을 다 말해주는 것같네요,0
영상미는 좋은데 결말이 뭔가 찝찝,0
마지막 회상장면이 너무 마음아프고 아름다워요,0
관람객여운이 가시지 않는 영화,0
제 자신이 평소에 공상적이라는 말을 자주 듣는데다 이 영화에 개인적으로 공감이 되는 부분이 너무 많아서 저한테는 최고의 영화였지만 다른사람들이 보기에 너무 낯간지럽달까 중간중간에 뮤지컬같은 부분이 불편한 사람들도 있을것같아요,0
예쁜 영화 기대를 너무 많이해서 아쉬웠던,0
판도라 마스터 국내영화 평점알바들좀 죽었으면절대로 같은급이라고 생각하지마세요,0
그냥 존나 잘만들었다,1
포스터만큼 예쁜 영화 보고 나면 라이언 고슬링에 반할 것,0
계속 생각이 나는 오프닝과 엔딩 수록된 모든 곡은 물론이고 영화 내내 흐르는 주제곡 또한 주옥같은 영화,0
자기 취향에따라 평가가 극단적이 될 수 밖에 없는 영화 멜로를 가장한 성장스토리이자 미연시 1주차의 새드엔딩 나는 2주차의 트루엔딩을 보고싶다,0
영화를 본지 3일이 흘렀는데도 여운이 가시질 않는다,0
초반엔 이게 뭔가싶다가 어느정도 지나니 일반적인 연애영화같다가 마지막에는 미묘한 감정에 빠지게 함 남자친구랑 같이봤는데 전남친이 생각나는게 아니라 5년 후 이렇게 알콩달콩하던 우리가 남이되어 마주치게 되는 때를 상상하니 마음이 너무 씁쓸하고 아팠다,0
엠마 스톤과 라이언 고슬링이 내 눈 앞에서 뮤지컬을,0
오늘라라랜드를보면서 엄청 오열을했습니다저와같이 이영화를보며러 참을수없을만큼오열한분계신가요 이영화는 진짜오래오래 간직해서추억의편지를 꺼내읽듯이 앞으로계속볼영화인것같네요,0
라라랜드 ㅜㅜ 재밌어요,0
눈이 시릴 정도의 아름다운 영상미 신선함 완성도 엠마스톤과 라이언 고슬링의 대역 없는 연기 모두 최고였다 아쉬움이 없는 시간이었다,0
보지마세요 여자주인공 배신함 천하의 라헬같은 색기,1
솔직히 재미없습니다 좀많이 지루하네요,0
3년을기다림 너무기대되요 형래아저씨홧팅,0
6년 만든 영화 한국에서나 미국에서나 초초초대박나시길 저도 꼭 볼게요,0
재미와 작품성을 떠나서 울나라 국민이라면 꼭 봐줘야 할 영화,0
정말 안타까운 말이지만ㅠ아직 그래픽이 엉성하네요ㅠ다음건 기대하겠습니다ㅠ,0
드디어 포스터 나왔네요 기대됩니다,0
심형래 감독님 수고하셨습니다,0
ㅋㅋㅋㅋ결국이대로 묻히는군하,0
1점주는 초딩들 집에가라 보고말해라 결과는 노력만큼 나온다,0
중천이랑 스케일만 큰 에라곤 보면 무지무지 불안하지만 잘되라,0
디워를 이어 허리우드에 또 한국영화가 나설수있게 화이팅,0
예고편 1 2분짜리만으로도 보는사람의 마음을 잡는 영화,0
감독님 영화 친구들에게 홍보도 많이하구 꼭 봅니다,0
심형래 감독님 사고칠줄 예상하고 있었어요 ㅋㅋ,0
한국사람이 이정도 영화만들거라고는 상상도 못함,0
배우까지 좋았으면 좋았을것을 조금 아쉬운,0
완전 기대만빵 포스터 보니 cg도 짱 일것 같은 ㅋㅋ,0
우리나라 영화의 새로운 장르를 연 디 워 최고입니다,0
으흠 굉장히 흥미롭게 봤다 스토리가 빈약한 면이 있었지만 재미있게 봤다,0
우리나라 영화로 치면 서태지와 아이들 같은 존재 ㅎㅎ,0
괴물보다 재미있다 CG 끝내줌,0
한국에서 이런영화가 있다는게 놀랍다 엔딩노래 아리랑은 눈물이ㅜ,0
나만 당할수 없죠 다 봐요전 영화 보다 올만에 피곤해 봤답니다,0
돈 존나 쳐들인 영화라는 건 알겠다 하지만 졸려 죽는 줄 알았다,1
스토리가 약하다 하지만 마지막에 아리랑 나올 때 감동 대박,0
평론가들의 비판에 얼룩진 영화 무한도전에 이따위 말들 밖에 못하는지,0
플러스알파를 노리다 연기 이야기 기본을 놓쳤다,0
누가돈을쳐주길래1점을 주냐 존 나 웃겨ㅋ 이정도면잘만드셨어요감독님짱,1
스릴있고 재밌다,0
이게 영화면 스타크래프트도 극장상영할 수 있을 것 같다 엠창,1
평점 5가 딱이다 ㅅㅂ 300억이 겨우 이정도 영상,1
볼거리는있었지만 짜임새가부족하다,0
아 이런 개 xx 쓰레기 호로 영화 감독 죽어라 아 쳐 죽을 조또 개부랄새끼,1
보고싶었는데 이건아니란다 ㅠ ㅜ,0
불쌍해 아기공룡둘리가 더 잼있다니 헐 아직 안봤는데,0
다세포소녀 볼때 할인카드 쓸려했는데 김옥빈이 땜에 무섭다,0
안봐도 뻔함 쓰레기중에 쓰레기일껄 이딴것도 영화라고 대굴빡 날려버려,1
얼마나재미없을까 보고싶다 궁금해서보고싶어지는영화,0
영화10점이 아니라 40자평 보고 10점 관람 후 댓글이 더 재밌네,0
긴급조치 19호랑 비교하면 FC슛돌이대 FC첼시의 경기이다,0
이보다 감동있는 영화는 없다 태극기 저리가라,0
저 리플때문에 내일 보러 갈껍니다 리플에 안습,0
완전 컬트영화에 재미도없는 일반인들이 보기실어하는영화,0
휴대전화가 나온 이후 최고의 히트작이다 삼성의 종말의 서곡이다 이런 도둑재벌이 없어져야 한국의 젊은이들이 창의력을 발휘할 수 있는 환경이 만들어진다,0
어쩌다가 위험물이 되었는지 아직도 원인을 밝혀내지 못하고 겔8 출시 운운하는 삼성은 제정신인가,0
이런상황에 언제 제데로 된 보상할꺼니,0
삼성 제대로 굴욕이네 진짜,0
위에는 핵폭탄 아래는 갤폭탄 피는 못속인다,0
외국 기관의 발표는 가전 점유율이 1위 월풀 2위 LG 3위 필룩슨가 그렇고 4위가 삼성이라는데 국내에서는 세계 점유율이 삼성이 1위라니 이해가 안 간다 ,0
그래도 삼성 주가는 끄덕없으니 이상하다 갑자기 불어난 가전에서의 이익 ,0
당연한 당연한 조치이지,0
어제 친구폰 터짐 내 주변에서 이런일 발생할줄은 몰랐는데 진짜 심각한듯 ㅜㅜ,0
이것이 비행기 탈 일이 없는 흙수저들을 위한 휴대폰입니다 절대 터지지도 않아요 왜냐하면 흙수저들 손에서 터져봤자 휴대폰 결함으로 인정하지 않을 거거든요,0
갤7은 사제폭탄이란 야그,0
우린 대충값싸고질좋은폰으로 바꾸고 쿠폰주면,0
감지덕지 완전밖에선 폭탄취급이네,0
국내 호갱들은 계속 쓰겟다고 발광중 안전무지증,0
세상에서 제일 잘빠진 폭탄,0
교환안하고 계속쓴다고 고집부리는애들은 대중교통도 못타게해야된다,0
삼성 공돌이애들 벌써부터 보너스읍다고 징징댐,0
나중에 몰래 가지고 들어오다 비행기 회황 사건 나왔는데 한국인이면 잼있겠다 국제적 망신 잼 헬조선이라 뻔함,0
솔직히 갤노트7 한대 갖고싶당 팔사람 없겠죠,0
유럽은 이것보다 더적은수치라고만 알고있고 중국은 수치상 순위에도 못들었던걸로 ,0
음 출하량은 어느정도 되는지는 모르겠씀 그라고 북미쪽에서만 보고된것만 100대 가까이 되는걸로 나온것같던데 국내는 뭐 소비자과실로 몰아버려서,0
동남아쪽이야 뭐 그렇다면 국내가 어느정도냐인데 이번폭발로 리콜수치로보면 100만대도 안되는것같던데,0
이번 폭발사고로 들어났는데 세계최대 시장이라는 북미와 3개국가에서 총 100만대가량 판매된걸로 나왔고 ,0
정확하게 몇대나 전세계로 팔렸는지가 참 아리송하긴 함 근데 간단히 유추해볼수있는 기사들이 있긴함 ,0
우리가족은 삼성제품 안써요,0
이게무슨나라개망신인가,0
내년에도 삼성제품 사서 지금처럼 완전스트레스 받지말고 스트레스없이 편하게쓸수있는걸로사라,0
삼성 이여 밧데리 분리형 으로 돌아가라 옛날 방식이 더 좋다 서비스로 한개 더주고 아니 서비스가 아니지 제값 다받고 준거지,0
배터리만 버리고 본체만 들고간다는걸 증명하면 안되나,0
맨날 앱등이가 어쩌니 잡스 나쁜놈이니 애플이 악덕이 어쩌니 함서 삼성폰 쓰자고 훌리건짓하던 오지라퍼들 버로우 개꿀잼 ,0
폭탄은 금지입니다ㅎ,0
강제 리콜이 답이다 통신사와 연개해서 갤노트7쓰는 사람 통신 단절해라 그래야 반납한다 이상태면 저만간 큰 사거 난다,0
폭탄물 소지 ㅋㅋㅋㅋ 길거리에서도 폭탄7보이면 압수해서 폐기해야함 혹은 공공장소 갤레기 소지 금지,0
국내 노트빠는 해외갈일 없어서 안바꾸는건가 ㅋㅋㅋ,0
울나라 군수산업 흥한다,0
ㅋㅋㅋㅋㅋㅋㅋㅋㅋㅋㅋㅋㅋㅋㅋㅋㅋㅋㅋ 니들 한국 관광객들 잘못보이면 머리 다 뜯겨 아줌마 아저씨부대 물로보냐,0
사실 예약구매때 구입하신분들도 많지만 저처럼 판매중지후 재판매했을때 구입하신분들도 많을겁니다,0
노트7 사용자입니다 제가 화가나는건 다른게 아니라 삼성의 안일한 태도 때문입니다 ,0
외국애들은 삼성이 대한민국꺼인지도 잘 모르는데 왜 마라망신,0
이건희는 뭐하나 누워있는동안 자기아들이 전자업체를 군수업체로 바꿔놓은걸 알기나 할까,0
아이고배야 아침밥이 꿀맛이다 내가 군대 전역하고 나서 삼성을 써본적이없어요 왜냐고 니들이 매국노가 아니면 누가 매국노냐,0
ㅋㅋㅋㅋㅋㅋㅋㅋㅋㅋㅋㅋㅋㅋㅋ 삼성 병신들 니들이 짱개기업이랑 뭐가 다름 ㅋㅋㅋㅋㅋㅋㅋㅋ ,1
갤럭시가 개멸시 당하네 ㅠㅠ 부디 노트8은 더 강력한 화력을 발휘하기를,0
언제 터지나 시한폭탄 들고 다니는 거 같다 교체 하라는 망할 문자만 보내지 말고 구형 폰으로 내려가라고 택도 없는 소리 좀 그만하고 보상 제대로 하자 ,0
나 지금 노트7폭발물 두달 째 쓰는데 매우 멀쩡하다 심지어 이거 가지고 유럽까지 갔다왔지 근데 불안하다 ,0
삼성마저도 무너지면 한국은 어디로 갈것인지 그래도 세계 1등 제품 만드는 회사가 우리나라에서 어디있니,0
그런데 말입니다 아직 반납 안한 사람들 중 대부분이 아직 노트7을 사용하고 있을겁니다 저 또한 열심히 사용 중이고 아무런 일도 일어나지 않고 있습니다,0
단종 발표하고서는 왜 폭발사고 접수가 안들어 올까요 다들 무서워서 사용을 안할까요 ,0
폭발만 아니면 참 잘만들고 좋은 폰인데 안타깝다 어쩌다 폭탄 취급을 받는지 다음 핸드폰은 잘 만들어 내놓아라 ,0
1000만대중에 10대 터졋는데 오바쩌네,0
역시 독일이다 선진국은 아무나라나 하는게 아닌듯,0
독일은 선진국이다 정말,0
독일이랑 비교할 상대국이 안됨,0
대체에너지가있다면그걸로갈아타야죠,0
부럽다아아아ㅠㅠㅠㅠ 우리나라 경남쪽원진 터지면 남한은 전부 피폭인데 중국도 원전 서해쪽으로 짓고,0
독일이란 나라가 저렇다 하루 앞만 보고 정책을 세우지 않는다 멋진나라,0
경제규모는 일본이 앞서지만 질로따지자면 일본은 한국같은 중진국 수준 독일은 진정한1등국가 한국의 모델이다,0
독일 전기 수입해다쓰는데 수출국가가 올려도 주둥이다물고 줘야함 전기가 거저나오는게 아니다,0
두귀막은 독재정부라 우린 평생갈듯 가다가 사고 한번터지고,0
대한민국 너도 따라해 미래를 위해서,0
현재는 원전폐쇄로 발생하는 전력부족을 재생에너지로 감당할수 없어 화력발전을 늘리고 있슴 완전히 대체 될려면 꽤 오래 걸릴듯,0
우리나라와 너무비교된다 당장의 생산성만 생각하고 사후의 일은 관심밖이니 참,0
저긴 기술 돈이 있으니 저게 되는거고 우린 기술은 가성비 산업 위주의 중급수준에 돈은 두 정부가 워낙 해먹어서 없지 결론은 우린 안됨,0
우리도 하루빨리 탈핵되기를 원전문제는 소잃고 외양간 고친다는 말이 안된다는걸 명심하길,0
역시 선진국 원전수출 독려하는 헬조선과는 격이 달라,0
말만 제로 실천도 안하면서,0
우리나라도 재생에너지 개발에 좀 더 박차를 가했으면 좋겠습니다,0
후쿠시마 원전사태도 그렇고 이제 지진의 안전지대가 아닌 우리나라도 예외가 될 수는 없겠죠 ,0
또한 향후 환경적인 문제에 있어서도 재생에너지로 필요에너지 80프로 이사을 충당한다는 독일 정부의 방침이 굉장히 획기적이란 생각이 듭니다 ,0
독일이 먼저 원자력발전소를 폐지하는 정책을 내놨네요 멀리 내다봤을 때 우리나라 역시 차후 피해가지 못할 문제라는 생각이 듭니다,0
우리는 22조를 강바닥에 퍼부어서 녹조라떼 만들어버리는데,0
깨끗하면 된다는 님비 NIMBY 현상으로 풀이될 수도 있다고 보여집니다,0
표면적인 것만 이야기 해주는 뉴스는 좋은 뉴스가 아닙니다 독일은 자국 소비 전력 30 40 정도를 프랑스 원전에서 생산된 것을 수입하여 사용합니다 ,0
탈원전을 향한 독일 국민들의 소원은 이루어질 수 있겠으나 자국 전력 에너지를 타국에 의존하게되는 상황이 발생합니다 ,0
이는 양국간 외교 갈등 발생시 에너지 주권 문제를 야기할 수 있는 것입니다,0
한편으로는 이웃집 마당이 더러워지든 위험해지듯 상관하지 않고 우리집만 안전하고,0
환경을 위해서는 좋은 일이겠지만 타국에 의존하게 되는 상황은 결코 바람직한 상황은 아니라고 볼 수 있습니다 ,0
원숭이와 너무 비교된다 원숭인 후진국이다,0
대체에너지 쓰면 당연히 좋지 근데 그에 따른 전기요금의 폭등을 국민들이 납득할까,0
고생 많으셨어요 진정한 경찰관님,0
고인의 명복을 빕니다 ㅠㅠ,0
유족분들은 얼마나 비통하고 속상하실까요 국민의 한 사람으로서 마음이 너무 아픕니다 ,0
강력한 공권력으로 치안유지를 위해 헌신하는 경찰의 명예와 안전에 대한 강화가 필요하다고 생각합니다,0
조국의 치안을 위해 헌신하시며 평생을 봉사하신 고인께 진심으로 감사드리며 명복을 빕니다 ,0
거짓 조작이 일상이구나 꺼져,0
ㅋㅋㅋㅋㅋㅋ새누리답네요,0
주체사상탑까지 방문한 천하의 빨갱이년이 창와대에 있다던데 그 애비는 남로당 출신의 진성빨갱이라지 다까끼 마사오라고 ㅋㅋ ,1
그런 빨갱이들은 광화문 사거리에서 능지처참해서 국가안보 기강을 바로세워야 한다고 보는데 이거 반대하는 놈들은 모두 북괴의 사주를 받은 진정한 빨갱이겠지,0
국보법 위반하면서 정부허락도 없이 일반인 신분으로 김정일 만나서 사진까지 찍고 ,0
조폭 양아치 사기꾼 집단,0
정말 새누리 스럽다 한국정치망친 새누리 스타일,0
우리는 국정원이 유출하고 김무성이 흔들던 NLL문건을 기억한다 또 속여볼라고,0
꼬투리 잡을것 잡아라 10년지난 일을 사실확인도 하지않고 아니면말고 하는시대는 지나갓다 12년을 국민들은 잊지않고있다 조작 선동질 고마해라 마이묵었다 아이가,0
ㅋㅋㅋㅋㅋㅋㅋㅋㅋㅋㅋㅋㅋㅋㅋㅋㅋㅋㅋㅋㅋㅋㅋㅋㅋㅋㅋㅋㅋ 코메디하냐,0
쥐새퀴때는 대북비밀접촉을 하면서 천안함 침몰 사건과 연평도 포격 에 대하며 더 이상 거론하지 않겠으니,1
제발 정상회담을 위한 비밀접촉을 구걸했대며 그것도 남측이 볼때 사과처럼 보이게 하던지 ,0
아니면 유감표현이라도 구걸하면 돈봉투를 건넸다는 넘들이 닭대가리는 ,1
개정일이 전용기타고 북에가서 한짖도 다 밝히고 대한민국에서 열린 남북축구에서 왜 한반도기 안들고 태극기 들었다고 화냈다며 다밝히자 킬킬,0
왜나라 똥누리넘들 원조당때부터 대선때는 북한이 남쪽으로 총쏴달라고 해서 유죄받고 ,0
이상 개누리당 이완영 의원의 뇌내망상 발언이었습니다 ㅋㅋㅋㅋㅋㅋㅋㅋㅋㅋㅋㅋ 이름도 매국노랑 비스하네,0
이완영 의원이 거짓말 했다는것,0
얘들은 집단으로 혼이 비정상인듯 무당 년 신발이 떨어졌나,1
자꾸 변죽들만 울리지 말고 진실을 밝히면 될 것을 왜 항상 정치 사기꾼들은 본말은 호도 한채 국력 낭비만 하는지 역시 정치 사기꾼들 영원하라,0
종북몰이 타령 지겹다 진실이 밝혀졌는데도 오리발 ㅈ 상습절도범이 반성하지는 않고 또 절도범으로 몬다며 지겹다니 어이없다,0
섹누리 시키들 비공개만 되면 뻥치는구나 이정현이 비공개단식도 뻥이었구만,1
조작질 국정원 니들 혼이 비정상이구나,0
참 국민세금으로 별에별 짓을 다하시네요 단식에 국감 파업에 이제는 증언조작까지 참 도대체 무엇을 감추기위해 국민을 기만 하시나요 국회의원이 섬겨할 사람은 국민입니다,0
11일 금강산 온정각에서 제10차 이산가족 상봉행사가 열렸다 문재인 청와대 시민사회수석이 어머니 강한옥 씨와 함께 북측의 이모 강병옥 씨를 만나고 있다,0
저 때 인권결의안뿐 아니라 대북관계 저런 식으로 했을 거 같다 정신 500년 나간 인간들이다,0
감상적 좌파가 협상할 능력이나 정보전을 치를 능력은 사실상 제로라 보는게 맞다,0
남한은 돈을 보고 헐렐레 하며 살지만 북은 이념과 사명감을 더 우선시하고 어릴 때부터 교육되고 무장된 정신력이 강하다,0
여당 야당 의원들 중에도 북의 정보원이 있을테고 보좌관들중에는 엄청 많을 거다 ,0
베댓이 쓰레기로 점령당하면 참 재미가 없다 순실은요 아니면 투표합시다 등등 너무 뻔한 집단 광기,0
문재인 수석 북한이 있는 이모 꼭 만나시길 바랍니다,0
자유민주주의 대한민국 젊은이에게 민족민주 공산사회 주의 사상 이념 저항 투쟁주의를 전교조를 통해 주입시켜온 주체사상추종세력 이다 ,0
송민순회고록으로 그 팩트가 들통났다 2007년 11월 UN상정 북한인권결의안표결 노무현은 북한쪽지 받고 기권결정 ,0
문재인은 북에 사전통보 정작 우방국엔 표결 끝까지 숨기고 어느나라 어느국민의 대통령 민정수석 비서실장 인가 ,0
좌 우 떠나 붉은완장 문재인은 배척하자 대한민국을 북한 김씨일가에 산제물로 상납할일 있나,0
노빠 문빠 민변 은 북한정부 빨치산변호 빨변 간첩변호 간변 이다 ,0
뇌물혀니 문죄이니 정은이 알현해준것이 얼마나 감격하고 고마웠으면 저렇게 딸랑딸랑 했을까 저 두넘 배때기라도 갈라봐야 한다 간이라도 떼어 주었는지,0
저런놈은볼거없다 바로 사형시켜라 경찰한테 총질이라 개세끼가 따로없구만,1
부디 억울한 죽음이 되지 않게 공권력이 올바르고 강한 방향으로 일어서 주기를 제 아버지도 경찰이라 더 와닿는 사건이네요,0
옆에서 동료는 쓰러져 가는데 경찰이라는 이유로 저런 쓰레기도 시민이라고 지켜야하는 우리나라 경찰 ,0
정말 어처구니없는 죽음을 당했구나 고인의 명복을 빕니다,0
우리 인권 변호사들은 얼른 출동하시지요,0
한국 경찰도 이젠 방탄복을 입어야 하지 않을까요 무섭다,0
우리나라도 총살형 부활시키자,0
사형 당할 일은 없으니 아무리 많이 죽여도 괜찮다 인권을 존중하는 좋은 나라이기에 참 좋은 나라다 두테르테가 한국에 와서 배워야 겠지,0
교도소에서총만드는교육시켰나보네슨상님보다더죄인들을보살피고조은짖가르켰구마이바근네는칭찬받겻구마이이왕이면총알공장차려줘서검판사넘들종자도없애버리제이,0
전라도 진짜 격리시켜라 산 바다에다 시체 매장시켜버리는 국가인데 왜 우리나라까지 와서 사고를치냐 ㅉㅉ,0
어차피 사형 안시킬거잖아 언젠간 저놈이 사회에 기어 나올거잖아 그때 조심이라도 하게 제발 얼굴 좀 까라,0
이제 한국도 유럽처럼 이슬람인들의 테러가 시작되겠군요,0
전라도 애들때문에 불안해서 살 수 가 없음,0
인권팔이들 죽은 경찰 인권은 신경도 안쓰고 저 범죄자 인권만 챙기겠지,0
일선 경찰들 신변에 더욱 신경을 써야 겠네요 사제총에 의해 경찰이 사망한 일은 거의 없었을텐데 삼가 고인의 명복을 빕니다,0
모방범죄 일어날라 사제총을 왜 보여줘,0
럼 신고 내용을 보면 미리 순찰차 트렁크에 있는 방검복이라고 입고 나가야 되는데 평소 이런 교육이 제대로 안되어 있었던건가요 ,0
경찰청에서는 단순히 현장출동해서 총맞아 사망한걸로 얘기하는데 언론보면 분명 지인에게 사제총을 쏘았고 둔기로 때렸다는데 그,0
야당대표들 경찰관순직에 조문가겠죠,0
정말로액션영화에한장면이네요ㅠㅠ,0
단순 현 복장 그대로 출동나가 총 맞았다는데,0
번에야말로 시범케이스로 사형제 부활하자,0
범죄자들의 천국 대한민국 법 강화하고 사형집행 실시하고 인권위폐지 해야 나라꼴 바로선다 범죄자에게 들어갈돈 피해자에게 주고 범죄자는 사형,0
제발 우리세금 가지고 콩밥맥이지마라 그냥 사형시키면 안되냐 어,0
누가봐도 난 성폭행범이다하고 주변사람들이 다알도록 그러면 너무 가혹한거아니냐고 웃기지말라고해 ,0
그럼 잘못을 저지르질말던가 범죄에는 실수가 허용되지 않는다 부엌칼로 두동강이난 발찌는 씨발 고무줄로 만들었니 ,1
부엌칼이 모든지 다 써는 장미칼이라 잘린거야 진짜 허술해도 너무 허술해 좇같이 진짜 지들 가족들이 피해당해봐 전자발찌가 바로 전자목걸이로갔지,1
전자발찌라는거 자체가 성폭행범 인권존중으로 잘안보이는 발목에 착용하도록한거잔냐 진짜 관리를 하려면 전자목걸이를해야지,0
이런 개한민국에는 전두환 대통령같은 분이 필요하다 ㅡ 정의사회구현 삼청교육대 ㅡㅡㅡㅡㅡㅡㅡ그립습니다,0
그냥 사형 시키자 저 개세끼는 인권 따지지 말고,1
선량하고 착한 대다수의 인권은 중요하지 않는것은 아닌가 인권단체나 시민단체는 각성하고 무조건적 인권 옹호는 다시 생각해봐야한다 ,0
사회에 절대악을 끼치는 인격은 선량한대다수 사람들의 안전을 위해 200년 감옥행이나 사형제등 부활해야한다,0
사형제 부활 이제 우리나라도 사형제를 부활해야한다 사악하고 극악무도한 범법자들의 인권은 중요하고 ,0
납품업자 공무원과 해쳐먹고 짱깨산 쳐갖다줫구나 결국은 목숨으로 드러나네,0
집유기간에 미성년자 성폭행이 고작 5년 15년은 때리야하는거 아닌가,0
기자씨 사제총기단속 어캐하면 돼는데 실엎ㅅ는 얘기 하지말고 오도화시키지 마슈,0
자르는 순간 녹아 다리도 부식시키는 액체를 넣으면 될것 같은데 잘라서 섞이는 순간 부글부글 타들어 가도록 폭파 위험 없으니 주변 다칠 염려 적고,0
제발 법바꿔라 성범죄 저지르고 달랑 몇년살고 나올꺼면 누구든 다하것다 제발 힘없는 여성대상 성범죄는 사형시켜라,0
저총 6강 아이템이고전자발찌는 레어 악세사리템이냐 저런놈들 풀어주니까 세상이 게임처럼 돌아간다 ,0
전자발찌 이딴걸 채우니까 범죄자새끼들이 더 삐뚤어지는거지 엄한데 돈쳐쓰지말고 범죄자 인권 지랄 좇까라그래 제발 법좀 뜯어고쳐라,1
사체 총 16정이라고 오타내서 정 못봤으면 시체인줄 알뻔,0
최첨단 발찌 어쩌고 저쩌고 할때 알아봤다 ㅋㅋㅋㅋㅋㅋ,0
가방에서 사체 총 16정 뭔말인가 했네요 사제랑 사체는 하늘과 땅 같은 내용의 차이 아닌가요 ㅎ,0
짐승새끼들은 다 사형 시켜라 인권 좋아하는 개들아,1
여성가족부나 못 끊지 다 끊는다 한국 정서나 문화에 안 맞는 발찌 다른 법을 강구해,0
총기에 방탄복 구입출쳐 얼렁뚱땅 넘기기엔 이번에,0
경찰은 새총같은 사제총기에 죽고 범인은 서버이벌용 조끼 입고 살고 참내 할 말이 없다,0
전자발쥐가 이렇게 허술해서되겠니,0
무슨 전자팔찌를 특수합금으로 만들고 천만원에 납품해서 한몫챙길려는 밑밥이네요 ㅋ ㅋ,0
필리핀처럼자경단을만들어 뽕하는넘들성폭행하는넘 잡범들모조리총살시켜야한다 무조건총살이답이다,0
전자팔찌폐지 무조건범죄자는정은이처럼 개검 개판 하지말고즉시총살해야한다,0
재발우려가있는 범죄자를 형량 작게때리는것들 강력범죄자 변호해주는것들 인권단체 들 모든원인은 그것들이다,0
10만원짜리 전자발찌라고치면 발찌만드는데1만원 지주머니에 9만원넣고 돈벌레들의 탁상정책이 이꼴만들었구만 암만 떠들어봐라 비싼발찌만드나ㅎㅎ,0
기사가 거시기하네,0
이게 범죄자의 인권을 보장해 준 결과다,0
근데 기레기들은 저런걸 또 트집잡네 하긴 밥은 빌어처먹고 살아야되니 말이지,0
일일이 가방검사할수도 없는 노릇이고 지가 사람 해치고 범죄저지르겠다고 저렇게 돌아다니면 무슨수로 저걸막나 ,0
이건 어떻게해도 사형이겠네,0
발이니 강아지처럼 칩을 몸에 심자 뺄려면 수술밖에 없게 불법수술로 뺄려고 하면 독이퍼져 발을 못쓰게 하던가,0
아 떨아이 하나가 진짜 사람 여럿 다치게 한다,0
미국처럼 강력 범죄는 총기 자유롭게 사용 가능하게 하고 사형이나 무기징역 같이 처벌을 강화해야 어설픈 놈들 범죄 시도가 줄어들지,0
마이너리티 리포트가 아닌 이상 강력범죄 저지르는 놈은 못 막는다 ,0
전자칩으로 바꿔라 킹스맨에 나오는것 처럼,0
에고 나라꼴이 참 말이 아닙니다,0
생체이식도 고려할만하다 생체에주입해서 위치파악하는 또한 생체에서 에너지로 작동하고 현 개에게 칩을이식하는데 고려할만하다,0
전자발찌 구매비리 의심,0
전자시계나 명품으로 멋진거 채워줘라 전자발찌 그거 머하러 채우냐 아무 필요없는거 세금이 아깝다,0
경찰 단속도 좀하자 경력좀 있다고 훈련개을리 하는 샠키들 많더만은,1
사이버수사대는 대체 뭐하고 다니냐 월급만 축내냐 인터넷에 사제총 만드는 방법 돌아다니게 놔두고 ㅉㅉㅉ,0
전자발찌 이마에 박자 맨날 피해자는 개무시하고 가해자들 인권만 인권 취급하는 인권위들은 그렇게 가해자들이 좋으면 같이 살던가,0
사체 총 16정 오타내지마라 사람시체 인줄 알았다,0
특수강철로 만들고 칩도 심자 물에 넣어도 괜찮게 범인 정보포함시켜서 몇년이 지나도 찾을수 있게 초강력 gps는 필수 자를려면은 상처를 감수해야 겠지요,0
첫줄에 사체총기 16정 이거 사체 16구인줄,0
기사첫줄 사체총이 오타네요,0
전자발찌를 심장에 부착 강추,0
피부내에 성범죄자 인식칩을 넣고 스마트폰에서 앱을 다운받아 주변에 다가오면 소리가나게 해서 알 수 있게해야 함 없어져야 할 인권위가 반대 하려나,0
경짤도 총에 맞는구나,0
전자발찌 부착을 누가하지,0
사형시키면 되지 뭔 개서리만 줄줄 늘어놓냐 하여튼 김머중이 나라만 망치고 간 이 새 ㄱ ㅣ 무구세여 읍읍,1
전자좃찌도 모자랄판에 발찤ㅋㅋㅋㅋ고안해낸 꼬라지 하고는 ㅉㅉ,1
여러분 대한민국이 이렇습니다,0
전자발찌 차고가서 범죄를 저지르는데 무슨소용이더냐 그너에 발찌는 패션용인가 머리들도 적당히좀 굴려가면서살자 답없는 넘들아,0
되도 안한것들이 이렇게 만들었다 그들이 당했어야 되는데,0
만드는 법이 그렇게 허술하게 오픈되 있으면 이런 사건이 또 없을꺼라 장담 못할것같아요,0
이번 사건을 계기로 호기심에 사제총 만들어보는 그런 어리석은 사람들이 없길 바랍니다 ,0
사형은 왜 집행안하나 대중이는 지옥가서 잘살고있냐,0
야당은 범죄인권두둔한탓이다 책임져라,0
이 놈도 대구에서 서울 올라온 놈이네 경상도는 서울출입을 막든지 해야지 ㅉ,0
저번에 서울에서 돌아 다니면서 사람 죽인 김일권 이라는 놈도 경상도에서 서울 올라온 놈이더만,0
민주화 운동가 이신듯 경찰이랑 맞다이했으니 이 분 열사 맞죠,0
사형해야된다 사형집행해야된다 제발 사형해라 보여줘라 제발,0
전자팔찌는 어느 회사에서 만들었니 왜 이리 부실하니 이것도 납품비리가,0
이즘되면 전자발찌는 범죄자 감시용이 아니라 일반 시민들 불만 잠재우기용 이지 그리고 인터넷 댓글 관리 인원들 사제총기 감시 인력으로 재배치해라,0
전자발찌 도대체 왜 하냐 맨날 뒷북치면서 저런 인간들 제발 사회로 못나오게 좀 했으면,0
튼튼한 전자발찌 채웠더니 좌빨들이 인권침해라고해서 바꾼거잖아,0
그니까 전자발찌를 왜 안보이는데 차게해 이마에 붙이고 다녀야 부끄러움도 알고 돌아다니지도 못하지 아니면 인두로 지져 이마를 주홍글씨처럼,0
전자꽃뱀발찌는 왜안만드냐 성범죄강화되니 그걸이용한 꽃뱀들도 넘쳐나는데,0
전라도는 과학이네 휴,0
매우 제한적으로 인정되고 있어서 집에서 몰래 만들어 소지하고 다니면 어찌 찾아내겠냐 ,0
뭐만 터지면 경찰 탓만 하냐 공권력은 언론에서 가장 많이 깎아내리지 않았던가,0
전자발찌는 법무부가 주무부처고 사제총기 단속은 경찰의 불심검문도 인권을 우선시하는 판례상 ,0
개인 집구석까지 관리를 해야하나 그러면 또 인권침해라고 난리칠 거 면서 참 기사라고,0
체포하는게 잘못된게 아닌가싶다 저린건 쏴야지 죽여놔야 다음 피해자가 없지,0
빼에에엥 우리가족이 당해봐야 안다고요 그거랑 이거랑은 다른거자나요 지금 모욕감을 주시는거에요 님고소 빼에에에엥,0
범죄자들 인권은 챙겨줘야한다고요 빼에에엥 범죄자들은 소중하니 일반인 인권을 뺏어서라도 인권 챙겨줘야해요,0
걍 마빡에 낙인지져버려,0
치안허점 기자놈 똥 싸는 것까지 들여다 봐야 하나,0
바지로 가리면 안보이는 전자발찌 목에 차는걸로 바꿔라 저런 강간범들에게 인권이 어디있나 목걸이식으로 잘보이게만들어라,0
기자야 첫문장 사체총은 뭐냐,0
경찰이 죽었는데 고작 이딴 기사냐 최소한 죽은분에 대한 안타까운 심정은 비쳐야 하지않냐,0
그런데 문죄인 문오리 ㅅ기는,0
모든 전과자에게 전자팔찌 채우고 있는놈은 2개 차자 그리고 다리에 쇠덩어리를 쇠사슬로 묶고,0
마음만 먹으면 정교한 군용총까지 만들수 있는 현실인데 단속하라니 ㅋㅋㅋ 개그허나,0
민쥬화운동 아닌가요,0
is가 자기네 소행이라는 소식이 없네,0
범인이 죽었어봐라 경찰들 총쐈다고 게거품물것들이 반은될걸 개같은나라 범인이 죽으면 더 애도하고 난리칠거면서 대한민국에서 제일 못할직업은 경찰일거같다,0
자문하고 숙고해보시길 재핀관 또한 특별한존재 아닌 사회구성원이란걸 주지하십시오,0
이렇듯 관대한 형량으로 야기되는 재범에 대해 어찌 생각하시는가 당신들은 책임에서 자유롭다고 착각에 빠져있는건 아닌지 ,0
범죄자 인권존중이 보편적 공감이 되는 사안이라면 모를까 재판관들은 박애주의와 애민사상이 남달라,0
얼굴공개해라 이번에도 얼굴가려주면 진짜 이나라는 답없는거임,0
전자발찌에 발목지뢰를 달아라,0
몸속에 전자칩 심어라 애견한테만 심지말고,0
치안이고뭐고엉망진창인나라매일사망사고의연속인나라대한민국이나필리핀이나뭐가다르나저새끼리북에문재인이랑묶어서강제월북시켜라,0
여기댓글에도 끈적한 살해 인신공격 도배하는 문빠잔당새끼들 있겠지,0
대사관 살해미수 김기종 백남기 김제동 그리고 미쳐날뛴 이놈 일부를 모아도 거의 좌파전체에 해당되네,0
문재인과 문빠잔당이 세뇌선동하는 북한식 민중주체사상이 사람의 정신을 얼마나 더럽고 병들게 망가뜨리는지 보여주네,0
그렇게 그들을 꼬셔야 노예삼을수있다 개 독이 선교니 사랑ㅇ니 빙자로 학교를 세움,0
그래서 모든조건에 학력을 넣는다 아프리카 다큐에 행복한 그들을 성우의 음울한 목소리를 내며 불쌍하다며 교육이 필요하다고 주장 ,0
교육은 받을수록 비겁한 노예가 된다 그래서 국가가 가장 무서워하는게 정규교육의 거부다 ,0
양키가 조선반도에 기어들어온지도 100년이 넘어간다 이렇게 한민족이 망하는건 교육때문이다 ,0
김대중정권 사형제도 폐지 선언 범죄자도 인권존중 전자발찌 훼손시 폭팔 시스템 적용 시켜야됨 일반 시민들이 제발 안전하게 살수있는 대한민국이 되었으면합니다,0
개돼지들의 관심이 다 쏠렸구나 단순한것들 왜 저랬을까 애기는 안나오고 언론에서 사제흉기 애기만하니까 거기만 집중 진짜 단순한 개돼지 조센징들 노답,0
치안을 담당할 경찰들이 코리아새끼들에 개진상에 허비하고 음주운전 세계 1등 처먹는 코리아새끼들 단속해야하고 ,1
우리가 욕해야될 대상은 경찰이 아니라 코리아씨종자 새끼들입니다,1
당연한것입니다 인구대비 경찰출동도 예외없이 세계메달 경쟁합니다 ,0
대신 가중처벌 두려우니 인터넷에 헛소리 끄적이면서 정신이상자 코스프레 한거라봄 걍 사형이 답이구만,0
저거 정신이상자 코스프레 한거지 성범죄 저지르고 전자발찌 차니깐 거때문에 화살을 일반 경관에게 돌린거 뿐임 ,0
전자발찌보다는 보이지 않는곳에 바코드해라,0
정작 남자가 죽으면 여자들 조용함,0
또한 법이 이랬다저랬다하니 사회가 갈수롤 불안정해지고 법과질서를 집행하는 경찰 해경 소방당국등도 제대로 힘을 못쓰지,0
정치권이 더 문제 아닙니까 속물들 예전에 당파싸움처럼 자신들의 이익만을 추구하는 더러운 식충들,0
우리도 사형선고범들 일시에 다 집행하라 사형도 못시키는데 사형언도는 왜하는거야 ,0
사형사형사형사형 아동성폭행범 특수강간 살인죄저지른쓰레기들모두사형시켜라 인권이어딨난그런그지들한테,0
미리 사형 시켰어야지 저런넘들은 종량제 봉투도 아깝다,0
비비탄총도 인마살상이 가능하다던데 사제 총기라니 무섭고 부들부들 떨린다,0
현장에 출동하면 피해자부터 만나서 사건 내용 파악하려 하지 말고 범죄자 용의자 피의자부터 제압해서 수갑 채우고 사건 파악 하세요,0
전자좆찌가 필요하다 발기하면 터지게 자르려해도 터지고 애초에 그럴만한 놈들이고,0
저런짐승같은인간에게희생된경찰을지켜주기위한법적조치인사형이비윤리적이냐 인권단체열성인분자기자식저런놈에게희생되도그런소리할까,0
여경 없애라 개무쓸모 위험한건 남자들이 진급은 여경들이 여경 없애라 개무쓸모 ,0
치안 허점은 아니지 이게 치안허점인가,0
전자발찌 차고 있다고 총 못 쏘는거 아닌데 발찌를 강하게 만들어 차기가 불편하면 인권 뭐다그러고 정부도 참 힘들겠다 어떻게 다 맞춰 주냐,0
개인이 만드는걸 어찌알고 단속할까 언론도 너무 자극적으로 부풀이는게 문제다 ,0
사회에서 발생하는 사건사고를 제대로 보도못하고 정권에 휘둘리는 mbc는 늘 보도 허점인가,0
두환이형님대통령한번더해주세요 지발,0
여기서 중요한건 성범죄는 재발한다는 것이다 이참에 전자발찌 빼고 약물로 영구발기 안되게 처벌하자,0
뭔 안허술하냐 새삼스럽게 ㅋ,0
경찰은 차 뒤에 숨고 시민은 돌아다니고 잘돌아간다,0
끊으면 발목날아가게 폭발물 설치해라,0
어휴 인권위원회 극혐이다 범죄자들 집단인가,0
우리나라만 범죄자가 살기 딱 좋은 나라지 ㅅ벌,0
7시 홍어 전라도 새퀴가 서울 기어올라가서 사고쳤네 사건 사고만 나면 99 가 전라도 종자들이네 깽깽이들,1
이렇게 순직하신 경찰과 폭력 시위하다 죽은 백남기 할배의 목숨값이 좌파들에겐 다르지 암,0
하여간 개대중 슨상쇄키하고 논두렁에는 시계를 부엉이에서는 몸뚱아리 투척한 열사 놈현이랑 두쇄키가 나라 다 말아먹었네 써글 ㅉㅉㅉ,0
범인을 사형시켜야지 ㅅ ㅍ,1
사형이 답이다 제2 제3의 피해자만 날뿐,0
남자 성범죄자 전자발찌하듯이 여자범죄자도 정도대 차야한다,0
누구나 살아오는 과정에서 부모 친구 선생 어른 들로 부터 미약하나마 도덕적 가치를 얻게 되는데 ,0
아무리 심한 범죄자도 미약하나마 양심이 있는 것인데 올바르게 살아갈 통로를 없애 버리면 그 미약한 양심마저 무시하게 될 수 있어 사회적인 불안정을 일으킨다,0
이사람이 성폭행범이다라고 외부에 노출되거나 실제 전자팔찌를 차게 되면 진짜 성폭행범이 될수 있다는 것이다 ,0
주변의 인식이 나빠지고 그 사람의 탈출구가 없는 상황에서는 또다시 그런 행위에 몰입할 가능성이 있다 ,0
낙인효과 stigma effect 라는 것이 전자팔찌에서 적용이 된다,0
통제도 안하고 있다 것도 총격전인데 이게 개한민국 경찰에 한계다 ,0
시민 안전은 뒷전이고 뭐가 우선인지 어떻게 해야 할지도 모르고 우왕좌왕 하는 모습이다,0
일개 민간인 사제 총에 이정도면 북한 특수 공작원 2 3명만 후방 교란하면 그지역 경찰은 다 죽는다 개판도 이런개판이 없다 한심하다 진짜,0
저거 시연동영상같은거 보여주면 안되나 도저히 저걸로 경찰이 죽었다는게 믿기지가 않음,0
영상 보면 알겠지만 총격전 하고 있는데 할머니 경찰 뒤로 걸어 다니고 있다 말이 되냐,0
근데 저게 진짜 살상용이 되나 그냥 조잡해보이는데 장난감 BB탄총이 더 쎌거같음 ,0
저런 사제총기 그림은 모자이크라도 해주지 어떤 미친 것이 또 따라할지 어떻게 알아,0
항상 그래 소잃고 외양간 고치는식,0
팔찌 끈고 가면 사살 하는게 좋다고 생각함 아무나 잡게 해주면 좋은디 법좀 바꾸지 그러면 내가 가서 잡을텐데 아까비,0
쇠사슬로만든들 그거 못끊겠냐 전자발찌 자체가 말이안되는거다 생체 바코드나 칩으로 바꿔라,0
다같이 사는 사회에서는 인권보단 질서가 먼저다 학교도 체벌 부활하고 경찰 공귄력 강화해서 현장사살해도 면책하고 군대 얼차려 구타 부활해아 한다,0
사형제도가 다시 부활한다 해도 남목숨은 물론 자기목숨도 아깝지않게 생각하는 살인자에게 어떤것도 걸림돌이 되지않음 안타깝지만 강력범죄는 막을 길이 없음,0
꽃뱀발찌도 꼭만들어서 이진욱이나 박유천같은 억울한 사람들안생기게좀 해야된다 성범죄가 강화되니 그걸이용한 꽃뱀들이 너 무많타,0
그냥 답없는 나라 포기해 포기하면 맘 편해,0
잠재적 범죄자를 휘저어서 찾아낼 수도 없는 노릇이니까 공권력에 힘을 주고 범죄는 생각도 못하게해야지,0
이렇게 예측 불가능한 범죄를 예방하기 위해선 공권력 강화밖엔 답이없다 ,0
저게 무슨 치안헛점이냐 법을 어기며 죽자고 달려드는 인간이 사제화까지 만들어 냈는데 사상자가 1명뿐인건 행운이다,0
기레기님 집에서 몰래 만드는 사제총기를 어떻게 규제하고 관리하나요 너무 무책임하고 비현실적 지적 아닌가요,0
갑수말대로 어떤도라이가 총질로 내란일으켜서 경찰관 순직하였다 야당과 그졸개들은 영웅으로 모셔야겠다,0
이 사람 페북에서 봤는데 허언증이 심하고 피해망상이 있는듯 심각한수준 페북에 경찰을 죽일거라는 예고 비슷한 글을 올린것도 있음,0
목에다가 죄수처럼 달게해야함 그래야 범죄자 알아보기도 쉽지 끊을라고 하면 배틀로얄처럼 터지게 뽱,0
경찰들이 근무할때 방탄복을 잘 착용하지 않는 이유도 있음,0
제압사격이 안됨 글록같은 10발 이상 장전되는 자동권총으로 바꿔주길 이런 총기에 의한 사건이 발생빈도가 높지 않기때문에 ,0
울나라 경찰이 범인 인권 챙기는것도 있고 총 자체가 꼴랑 실탄 4발 들어있는것 5발중 1발은 공포탄 때문에 ,0
봉기 일어나면 형무소 애들부터 따발총으로 따타탁 쏘자,0
전자발찌 도입하고 돈 먹은놈 분명히 있을꺼다 이번 총격전으로 경찰들 정신상태 싹 고쳐졌으면 좋겠다 20대중반 해병대를 처럼 싹 바껴라,0
영화개목걸이보세요풀기만하면폭발함,0
그냥 거세 시키자 제발,0
1부1처제는 한민족말살정책이다 이나라 법조 비롯 각계각층의 수장이 개폐미메갈 계집년들이다 이런년들이 여성의 대변인 사기질을 한다,1
이러니까헬조선 소리나듣지 무능한 철밥통들,0
미국처럼 경찰관 말을 안들으면 즉시 수행을 해야 공권력이 살아 납니다,0
어찌 경찰들이 총을 들고 쏠수 있겠어요 쏘고나면 경위서 쓰라 왜 경찰이 사람을 죽였나 하면서 또 집회를 할것 아닙니까,0
공권력이 다 죽어서 그러한 사건이 일어 나는것 입니다 데모 하는놈 물대포에 맞아 죽은것을 가지고 문책을 하니,0
또 경찰탓하는구나,0
이제 총까지 갑질하는 고위층들 이젠 조심해야 하겠다 서민들 이리 우습게보고 살기 힘들게하면 할수록 터진다,0
국해의원들이 잘해야하는데 정권도 잘 뽑아야하고,0
옛날 보따리상인한테 건너온걸로 추측되는 올드건들만 중고나라 에 올려지는순간 김형사께서 실시간 모니터링 해서 ,0
구매자로가장해서 직거래유도해서 판매할려던 멀쩡한사람 현장체포해서 칼파없다는 이유로 총기압수에 형사입건시켜서 멀정한사람 벌금전과자나 많이 만들겠네 ,0
경찰들 가만히 앉아서 치졸하게 실적올릴시간에 사회에 포기한 악질들이나 수렵총 엽총 사제폭팔물이나 단속해,0
할짓이 없어서 전과없는 사람 벌금전과자로 만들어라고 경찰니네들 세금주고있는줄아나 ,0
그러니까 범죄자 나와봐야 잃을게 없는 사람들이 다시 큰 범죄를 저지르지 ,0
전자발찌를 칼로 두동강 낸다는 기사제목은 자제가 필요한거 아닌가 기사양반 머리가 비었나,0
1부1처제는 한민족말살정책이다 이나라 법조 비롯 각계각층의 수장이 개폐미메갈 계집년들이다 이런년들이 여성의 대변인 사기질을 한다,1
총기를 준비하여 주요시설을 타격 문죄인이 풀어준 이석기,0
이분 공산화되면 독립투사 영웅됨 조만과 적화통일될거 예상하고 친일경찰어쩌구해서 깜빵들어가있는치밀한 계획,0
좌좀들은 사형이 답이다,0
전자발찌도 수상하내,0
범죄자인권 운운하는 인권위는 없애고 솜방망이 처벌하는 판사는 다 잘라라,0
에효 또 장난감총만 때려잡겠네,0
저 인간이 총맞아 죽으면 과잉대응 이라고 쓸 기레기들,0
서울벗어나면 짐승들 소굴이죠,0
걍 실미도같은 섬을찾아서 저란사람들끼리 서로살게하면안될까 자급자족하면서 굶어안죽을라알아서면일하겠지 대신 섬에서는 절때못나오는조건으로,0
살인사건 증거물을 맨손으로 잡다니 봉투에 담아서 장갑착용하고 만져야지 경찰이 저리 허술해서야,0
총기는 단순하니 만들수 있다고 치자 불릿은 어디서 구한거냐,0
미국처럼 몸안애 마이크로칩 인식하면될것을 이것도 인권침해라고 인권단체가 지 롤이라하겠자,1
전자발찌 강제로 끊으면 폭발하게해라 차라리 발목날라가면 더 사고도 못치고 개이득이네,0
또 언론이나 정부에서는 에꿋은 비비탄총기나 더욱더 단속강화시키고 칼파없는 올드건,0
왜 엄한 경찰을 쏘냐 국회의원이나 쐇으면 영웅 될텐데 ㅉㅉ,0
전자발찌디자인한놈도결국돈먹었단소린가,0
친일경찰 백남기 이런 단어 들어가 있는데 사건의 본질을 전자발찌에만 맞춰야 겠지 엄한데 똥물 튀기지 말고,0
국가인권위라는 쓰레기 단체에서 수갑도 헐겁게 채우라 하니 먼저 안전을 위해 수갑 먼저 채우면 난리 부루스를 추겠지,0
나라가 이모양인데 대통령이란 사람은 대체 뭘하고 있는거냐 대국민담화나 어떤 입장표명이나 뭔가 액션이 나와야 할 시점 아닌가 ㅉㅉ ,0
국민들은 하루하루 불안에 떨며 살아가고 있는데,0
기자는 문제의 촛점을 흐리게 말하고있네 그것보다 경찰의 총기발포에대한 권한을 대폭 늘려주어야 겠구만,0
무릇 법이란 약자를 선량한 이를 위해 있는 것이다 헌데 ,0
저 사람이 썼다는 SNS글이 냄새가 나요 구려 어차피 경찰이 죽었으니 그렇게라도 이용해서 꺼리를 만들어 볼려고 하는 건지 ,0
저분도 어찌보면 우리동포인데,0
그런데 최순실은,0
물대포 쐇다고 개지랼하면서 공권력 탓하는거 보소 ㅋㅋ 우리나라 공권력이 세계 최고로 약한거 알고있냐 좌좀들이 좀먹는 개한민국 ㅣㅣㅣㅣㅡㅡㅡㅡㅡㅡㅡㅡㅡㅡㅡㅡㅡㅡㅡㅡㅡㅡㅡㅡㅡㅡㅡㅡㅡㅡ,0
먼저 수갑부터 채우고 사건내용을 파악하고 특이한 점이 없거나 무기소지가 없으면 다시 풀어주면 되는데,0
병진들아 댓글 생각없이 다는놈들도 병진이고 국개의원 정치가도 개병신들이고 공무원 병진들 가정일도 간신히 허덕이며 하는것들이 나랏일이 쉬어보이냐,1
부검해봐야되나요,0
사체총은 뭐예요 궁금해요,0
피부내에 성범죄자 인식칩을 넣고 스마트폰에서 앱을 다운받아 주변에 다가오면 소리가나게 해서 알 수 있게해야 함 없어져야 할 인권위가 반대 하려나,0
오패산총기범 sns에 남긴글 보니 좌빨이네 친일경찰 백남기 복수 ㅋㅋㅋ좌빨련들 홍어샠이였노,1
요즘 정말 말도 안되는 일들이 일어난다 온 나라가 이렇게 불안하고 혼란스러웠던 적이 또 있었나 ,0
ㅋㅋㅋ 총기살인자 좌빨이었어 ㅋㅋㅋ문죄인 나서라 ㅋㅋㅋ,0
모자이크좀 하셔ㅡ저사건 또터진다ㅡ두고봐라ㅡ,0
사제총은 어케단속해요 집에서 그냥 일상생활에서 쓰는 용품들로 만드는데 모든 국민들 집을 다뒤지나 단속할때 전부 사제총기있나 트렁크열어보나,0
면상에 성폭행범 이라고 낙인을 찍어야 함,0
경찰은 총멎고 죽고 한 놈은 숨어있다가 시민 세명 이 범인을 검거 이게 말이 되요,0
노무현 문재인 정권의 3대 업적 1 범죄자 인권보호 흉악범도 얼굴을 가려주는 계기 ㅡㅡㅡㅡ2 조선족 자유입국제 및 지문날인 폐지 조선족 범죄 급증 범인 찾기 힘듬 ㅡㅡㅡㅡㅡㅡㅡㅡㅡ3 다문화 정책 사회 정체성 혼란,0
경찰이 몰래가방에 가지고다니는 총을 어떻게 단속한단 말인가 ,0
걍 성범죄자는 짜르고말고할거없이 무조건 사형해라 사회에 아무도움안된다 없어야 도움됨,0
전자발찌 말고 인체에 칩 심으면 안되나,0
좌익들의 인권타령이 전자팔찌 만들고 강력한 처벌 없으니 강력 범죄는 더욱 흉포화 된다 ,0
니들은 공권력강화 시위는 절대안하지 북한으로 가라 왜 대한민국에있냐 좌좀들ㅉㅉ sns로 정치 배우는 무식한것들,0
대한민국을 위해 목숨바쳐 고생하는 군 경찰 소방관들을 잊지말고 감사히 살아라 좌좀들아 ,0
가만 있으라고 승객들 목숨 통수 치고 혼자 빠져 나와 지폐 말린 이준석 놈은 경상 칠곡이고,0
쌍도족들 또 지역드립 칠 줄 알았다 저 놈 고향은 대구 서구 국채보상로 34길 12라고 이미 떴다 됐나 ,0
이 나라는 범죄자를 위한 법이 약자나 피해자 위에 있다 위선 가식에 가득 물든 입법 사법부의 좌익들을 몰아내야 사회가 바로선다,0
조국현기자 제목 똑바로 알고 써요 뭐가 치안허점이에요 전자발찌 쉽게 잘라지는거였고 경찰분이 1명이나 사망하면서 범인 잡았는데요,0
또 전라도 지겹다 진짜,0
최순실 기사 묻히나,0
좌빨들 또 몰려다니는거 아닌가,0
총기범은 사살명령이 답이다,0
내친구중에도 정신 이상한놈 있는데 멀리해야겠군,0
그저 삼청교육대가 정답입니다ㅡ정답이랑께요,0
전자발찌 회손시 사형 조항 넣어라 전자발찌 회손자체를 더이상 인권포기라고 간주하면될것을 왜,0
박언니 정부가 그렇지뭐 다 허술 부실 비리뿐이지 빨리 물갈이 좀했으면 좋겟다,0
범죄자를범죄자로만 낙인을 찍어 버린다면 범죄자는 늘 나올수 밖에 없는데 범죄자에서 새로운 정상인은 나오지 못함으로 ,0
더 많은 범죄인의 사회가 되는 것이죠 그들이 새로운 삶을 찾는데 사회에서 어떻게 도움을 주는가를 더 생각하는 것이 중요하죠 ,0
법가 사상처럼 모든게 법으로 모든게 처벌로만 사회가 유지 될수가 없다는 것을 명심해야 합니다 마음대로 하는 것이 능사가 아니라는 것을,0
또 우리는 세금을 추가해서 더 내야지만 이 인간 들 평생 재워주고 먹여주고 해아하고 ㅠ,0
어느 누구나 양심이 있는데 그래서 사회의 기본규범을 지킬려는 노력을 미력이나 하게 되어 있는데 ,0
닭과 알의 관계처럼 그런 악순환이 더 큰 불상사를 낳을수 있죠 선한의도로 시작된 일이지만 ,0
선한의도가 항상 선한 결과만을 가져오지 않는다는 것을 알았으면 하는군요 마음에 가는대로 하면 잘 될듯하지만 세상이 늘 그렇지만은 않아서,0
가만 있으라고 승객들 목숨 통수 치고 혼자 빠져 나와 지폐 말린 이준석 놈은 경상 칠곡이고,0
완전히 낙인이 찍히고 너이상 벗어 날수 없다면 완전히 양심이라는 도덕규율마저도 놓아버릴수 있죠 ,0
중요한 것은 교육이다 새로운 삶을 위한 방향을 명확히 제시를 해 주어야 한다 ,0
사체총 16정 ㅋㅋㅋㅋㅋㅋㅋㅋㅋ오타수정좀요 ㅎㅎ,0
방탄조끼입은 놈은 잡는데 권력조끼입은 년 놈은 왜 안잡는 거야,0
장미칼이 또,0
치안이문제냐 저런사람 적응못하는 사회가문제다 지금전부 전쟁났음 좋것단다ㅋ 사는게 힘들어서,0
전자발찌에 전자충격이나 폭발기능넣자,0
이 망할 부패한정부야 일해라 똥만 싸지 말고,0
저기죄송한데경찰이 저기총알에 마자서 사망햇다고 제가뉴스를본거같인데장난감은아닌듯한데요,0
사형최고 집행권자가 엄한짓이나 하고다니고 사람들은 중범죄를 저지르고도 법이 무서운줄을 못느끼지,0
사체 총 이 ㅠㅠ,0
저거보니까 진짜 잘못했으면 대형사고났었다 도로변사람들 움직이는거봐라 진심 잘못했으면 난사사건갔을텐데 이걸 이따위로 관리한 우리나라 치안을 누구한테 맞기냐,0
범죄자단속도지대로못하고 지대루하는건 모가잇니 ㅉㅉㅉ 피해자보호는커녕 단속이나 똑띠기해라,0
한국 남자 대상으로 전자팔찌 채운더는게 못 마땅하다 남자들을 뭘로 보고 그냥 사형 시켜라,0
위험 무릅쓰고 새총범에 대항한 강북시민 경의를 표합니다 그리고 새총에 맞아 죽은 순경님과 도망치기에 바쁜 순경님들에게도 진심으로 애도와 경의를 표합니다,0
강력사건이 자주 발생해야 경찰 및 법조인들이 철밥통이 되니 어쩝니까 대안으로는 범죄율을 낯추는 방법 밖에는 없는것 같네요,0
사회시스템이 저런 친구들을 공장에서 물건찍어내듯이 생산하고 있는거지,0
오패산 총격범 광주자택 수색 ㅋㅋㅋㅋㅋㅋㅋㅋㅋㅋㅋㅋㅋㅋㅋㅋㅋㅋㅋㅋ ㅎㅇ,0
하지만 그 부엌칼이 장미칼이라면 이야기는 달라집니다 ㅋ,0
이쉬키 막가파네,0
헬조선에선 당연한 일인데 호들갑 떨지말자,0
경찰청장님 뭐하십니까,0
일반시민분 경찰시켜라,0
그냥 발찌 말고 칩을 박아라,0
전자발지 인권침해다 채우지 말자 뷰작용만 심함,0
범죄 2스트라이크 아웃제로 하자 전과2범 이상은 사회에서 영구 격리시키자,0
왜 경찰을 죽이고 국민범죄자로 전락하냐 친일파 나 전대갈 명바기 그리고 비리부정부폐 국회의원 새대갈당 쏴죽이고 영웅이나 되지,1
개가튼 노무현정권의 범죄자 인권보호 때문에 흉악범도 얼굴을 가려주는 세상 휴 사형제 폐지 김대중 휴,1
이개나라냐 박칠푸이대가리에빨대를꼽아버려,1
무기 징역좀 시켜라,0
그것갖고 치안헛점 ㅋㅋㅋ 대포는못만들줄아나,0
전자팔지 때리치우고 거시기를 짤라삐라,0
총이 허술하던간에 위력은 실탄에서 나오는거라 그에 맞게 만들어주면 됩니다 암튼 무섭네요,0
방송도 적당 제조방법 알리야지ㅡ꼭 모방하는것들 잇거든,0
전자발찌라는건 애초에 만들면 안되는 잔인한 형벌이다 궁지에 몰린 쥐가 고양이를 문다고 부작용이 더 크고 세상을 더 피폐하게 만든다,0
사제총도 이런데 진짜총질하는 미국경찰들 겁나겠는갈,0
장미칼이여 다 잘라버리게,0
좌빨들이 만들어논 폐해다 이긍,0
전자팔찌 착용에 대해서도 논란이 많죠 전자팔찌가 능사처럼 성폭력범의 잠재적인 양심마저도 없어지게 만들수 있죠 ,0
그 머냐 전자발찌는 몸안에 심도록 하면 안되나 살 후벼퍼지 않는이상 못풀도록,0
그 부엌칼이 혹시 장미칼인가요,0
기자가 참나 전자발찌는 맞는 데 허술한 총기 관리 그럼 나무토막이나 쇠파이프 고무줄 테이프 뭐 이런거 관리하는 거냐,0
쌍도일베충들 또 지역드립 칠 줄 알았다 저 놈 고향은 대구 서구 국채보상로 34길 12라고 이미 떴다 됐나,0
그리고 애꿎은 장난감 총만 단속하겠지 경찰서에서 돈 쪼들릴때마다 한번씩 장난감 총 단속해서 전부 압류하고 시장에 되판다는 소문이 파다하다,0
수학여행가다가 선장때문에 죽은 세월호 불법시위하다가 빨간우의한테 맞아죽은 농민이 아니라 ,0
죽이면 인권단체에서 난리를 칠거 분명하니 경찰이 죽지 인권단체가 사라져야한다,0
성 매매 합법화 하자 계속 사건만 키우지말고,0
그냥 지역 벗어나면 터지게 해 아님 노트7을 들고다니게 해,0
최소한 사망한 경찰관에 대한 애도는 있어야지 경찰관이 사망했는데,0
좌빨이었어 ㅋㅋㅋㅋ 문죄인이 변호해주냐 한국인 선장죽인 짱깨들 변호해준 내통스파이가,0
사체총ㅋㅋㅋㅋㅋㅋㅋㅋ,0
경상디언들은 왜 지들 고향 놈이구만 왜 전라도 드립을 치나 졸라 비겁하고 치사하다 본래 씨가 그런것 같다,1
경찰님들 까지마라 안그래도 ,0
피곤하다 매일 우리의 안전벨트 잘 매는지 체크해주시고 안되어있으면 벌금딱지 끊어주셔서 각인시켜주시고 ,0
자동차 전용도로나 번잡한 교차로에서 안보이는곳에 숨으셔서 서서 캠코더로 찍으셔서 실적 올려야 하므로 얼마나 피곤 하시겄냐 우리의 경찰님들 까지마라,0
이제 우리나라도 길가다 그냥 께꼬닭 하는건가,0
선장 살해 조선족 변호한 인권변호사 문재인을 기억해주세요 는,0
남성인권을 보호해주어서 불쌍한 남경만 죽었네,0
발말고 목에다 채워라ㅡㅡ쇠붙이로 엄청 무겁게 발에다 채우면 보이지도 않으니 원,0
도대체 총격범 누가 잡은거여 순경놈들 개 소 돼지가 웃을 일이다,0
그 아이디어 참 기발하네,0
기발한 아이디어로 먹고 살아서 핵 부럽,0
이발해서 훨씬 잘생겼네에에에에 대애애애애박적이야,0
종아리 터질꺼 같은데 대박이다 ㅋㅋㅋㅋㅋㅋㅋㅋㅋ,0
범죄방법도 가지가지네 기발하다 기발해,0
존나ㅏ 기발햌ㅋㅋㅋㅋㅋㅋㅋㅋ와 신박하닼ㅋㅋㅋ 그머리를 좀 좋은 곳에 썼으면 이 나라가 발전을 했겠다,1
야구장에서 보는 야구가 진짜 아니겠니,0
야구장에서 보면 겁나 시끄러움 보이지도 않고 걍 티비로 중계해주는 거 보는게 세상 편함,0
머라는겨 야구장에서 봐야 현장감 오지지 걍 같이 보러갈 사람이 없다고 해,0
시궁창 같은데서 살고있네 핵불쌍,0
학교 다니는지라 다른 거는 못하고 있는 내가 불쌍해,0
기발한 아이디어 좀 던져줘... 떠오르는게 일도없네 답답하다,0